SUBJECT_ID,timepoint,ABSOLUTE BASOPHILS,ABSOLUTE EOSINOPHILS,ABSOLUTE LYMPHOCYTES,ABSOLUTE MONOCYTES,ABSOLUTE NEUTROPHILS,BASOPHILS,EOSINOPHILS,HEMATOCRIT,HEMATOCRIT (FEMALE),HEMOGLOBIN,HEMOGLOBIN (FEMALE),LYMPHOCYTES,MCH,MCHC,MCV,MONOCYTES,MPV,NEUTROPHILS,PLATELET COUNT,RDW,RED BLOOD CELL COUNT,RED BLOOD CELL COUNT (FEMALE),WHITE BLOOD CELL COUNT
C001,L-3,49.0,161.0,2667.0,553.0,3570.0,0.7,2.3,44.5,,14.7,,38.1,31.3,33.0,94.9,7.9,10.9,51.0,258.0,12.6,4.69,,7.0
C001,L-44,50.0,204.0,1859.0,391.0,2998.0,0.9,3.7,45.1,,14.9,,33.8,30.7,33.0,93.0,7.1,10.6,54.5,237.0,12.6,4.85,,5.5
C001,L-92,70.0,259.0,2241.0,481.0,2349.0,1.3,4.8,42.5,,14.1,,41.5,30.8,33.2,92.8,8.9,10.3,43.5,241.0,13.0,4.58,,5.4
C001,R+1,50.0,170.0,1640.0,455.0,2685.0,1.0,3.4,43.6,,14.7,,32.8,30.4,33.7,90.1,9.1,10.8,53.7,227.0,12.5,4.84,,5.0
C001,R+194,49.0,221.0,1847.0,392.0,2391.0,1.0,4.5,41.8,,14.1,,37.7,30.3,33.7,89.7,8.0,10.5,48.8,214.0,12.8,4.66,,4.9
C001,R+45,59.0,127.0,2146.0,368.0,2200.0,1.2,2.6,43.3,,14.3,,43.8,30.9,33.0,93.5,7.5,10.5,44.9,228.0,12.8,4.63,,4.9
C001,R+82,69.0,181.0,2171.0,485.0,1994.0,1.4,3.7,46.1,,15.7,,44.3,31.3,34.1,91.8,9.9,10.8,40.7,257.0,12.3,5.02,,4.9
C002,L-3,29.0,151.0,2873.0,446.0,3701.0,0.4,2.1,35.9,,11.5,,39.9,30.9,,96.5,6.2,10.8,51.4,241.0,12.1,3.72,,7.2
C002,L-44,32.0,211.0,1982.0,302.0,2873.0,0.6,3.9,37.8,,12.8,,36.7,32.6,,96.2,5.6,10.9,53.2,229.0,12.6,3.93,,5.4
C002,L-92,33.0,280.0,2119.0,364.0,3705.0,0.5,4.3,40.8,,13.2,,32.6,30.3,,93.6,5.6,10.1,57.0,241.0,12.7,4.36,,6.5
C002,R+1,39.0,160.0,1540.0,435.0,3328.0,0.7,2.9,36.4,,12.1,,28.0,30.1,,90.5,7.9,10.2,60.5,252.0,11.8,4.02,,5.5
C002,R+194,19.0,166.0,2573.0,518.0,3123.0,0.3,2.6,38.3,,12.7,,40.2,30.9,33.2,,8.1,10.8,48.8,243.0,12.1,4.11,,6.4
C002,R+45,51.0,211.0,2874.0,499.0,2765.0,0.8,3.3,37.1,,12.2,,44.9,30.3,32.9,92.3,7.8,11.0,43.2,252.0,12.0,4.02,,6.4
C002,R+82,32.0,90.0,1701.0,345.0,3132.0,0.6,1.7,34.7,,11.5,,32.1,29.9,33.1,90.4,6.5,10.5,59.1,245.0,11.9,3.84,,5.3
C003,L-3,49.0,88.0,3156.0,715.0,5792.0,0.5,0.9,41.6,,13.3,,32.2,29.6,32.0,92.4,7.3,10.8,59.1,367.0,12.5,4.5,,9.8
C003,L-44,47.0,130.0,2083.0,632.0,6408.0,0.5,1.4,42.6,,14.4,,22.4,31.2,33.8,92.2,6.8,10.3,68.9,345.0,13.2,4.62,,9.3
C003,L-92,125.0,614.0,6826.0,1997.0,10.1,0.4,1.3,40.7,,13.2,,20.8,,29.6,91.3,6.4,330.0,71.1,12.9,32.4,4.46,,9.6
C003,R+1,28.0,140.0,2086.0,658.0,4088.0,0.4,2.0,,41.4,,13.5,29.8,28.9,32.6,88.7,9.4,10.5,58.4,359.0,12.7,,4.67,7.0
C003,R+194,59.0,207.0,2220.0,762.0,4151.0,0.8,2.8,40.4,,13.3,,30.0,28.7,32.9,87.1,10.3,10.2,56.1,185.0,13.1,4.64,,7.4
C003,R+45,62.0,117.0,2379.0,624.0,4618.0,0.8,1.5,44.3,,14.6,,30.5,28.7,33.0,87.0,8.0,10.4,59.2,396.0,12.5,5.09,,7.8
C003,R+82,70.0,176.0,3247.0,730.0,4576.0,0.8,2.0,44.6,,14.4,,36.9,29.4,32.3,91.2,8.3,10.2,52.0,345.0,12.9,4.89,,8.8
C004,L-3,95.0,276.0,2947.0,965.0,6318.0,0.9,2.6,49.0,,16.8,,27.8,31.1,34.3,90.7,9.1,10.1,59.6,295.0,13.3,5.4,,10.6
C004,L-44,83.0,173.0,1613.0,832.0,3699.0,1.3,2.7,50.0,,16.6,,25.2,29.8,33.2,89.8,13.0,9.9,57.8,227.0,12.7,5.57,,6.4
C004,L-92,77.0,200.0,1786.0,870.0,4766.0,1.0,2.6,49.1,,17.0,,23.2,,34.6,89.6,11.3,9.5,61.9,239.0,12.5,5.48,,7.7
C004,R+1,89.0,300.0,2155.0,1029.0,4528.0,1.1,3.7,48.3,,16.5,,26.6,29.7,34.2,87.0,12.7,10.0,55.9,240.0,13.2,5.55,,8.1
C004,R+194,100.0,374.0,2639.0,988.0,4200.0,1.2,4.5,48.0,,16.5,,31.8,29.6,34.4,86.0,11.9,9.8,50.6,256.0,13.1,5.58,,8.3
C004,R+45,88.0,258.0,1938.0,898.0,3618.0,1.3,3.8,49.0,,16.8,,28.5,30.3,34.3,88.4,13.2,9.9,53.2,281.0,12.6,5.54,,6.8
C004,R+82,47.0,269.0,2307.0,916.0,4361.0,0.6,3.4,47.5,,16.4,,29.2,30.1,34.5,87.2,11.6,10.4,55.2,198.0,12.9,5.45,,7.9
