SUBJECT_ID,timepoint,CALCIUM,POTASSIUM,SODIUM,CHLORIDE,CARBON DIOXIDE,HEMOGLOBIN,HEMATOCRIT,RED BLOOD CELL COUNT,MCH,MCHC,MCV
C001,L-3,9.6,3.9,142.0,102.0,26.0,14.7,44.5,4.69,31.3,33.0,94.9
C001,L-44,10.0,4.2,139.0,101.0,26.0,14.9,45.1,4.85,30.7,33.0,93.0
C001,L-92,9.7,4.6,141.0,104.0,23.0,14.1,42.5,4.58,30.8,33.2,92.8
C001,R+1,9.7,4.4,138.0,102.0,24.0,14.7,43.6,4.84,30.4,33.7,90.1
C001,R+194,9.4,4.3,137.0,102.0,23.0,14.1,41.8,4.66,30.3,33.7,89.7
C001,R+45,9.6,4.0,138.0,100.0,28.0,14.3,43.3,4.63,30.9,33.0,93.5
C001,R+82,10.1,4.3,140.0,101.0,27.0,15.7,46.1,5.02,31.3,34.1,91.8
C002,L-3,9.3,3.8,143.0,106.0,24.0,11.5,35.9,3.72,30.9,,96.5
C002,L-44,9.7,4.0,141.0,103.0,26.0,12.8,37.8,3.93,32.6,,96.2
C002,L-92,10.2,3.9,142.0,103.0,23.0,13.2,40.8,4.36,30.3,,93.6
C002,R+1,9.2,3.5,137.0,103.0,22.0,12.1,36.4,4.02,30.1,,90.5
C002,R+194,9.5,4.4,138.0,104.0,20.0,12.7,38.3,4.11,30.9,33.2,
C002,R+45,9.3,4.1,140.0,104.0,21.0,12.2,37.1,4.02,30.3,32.9,92.3
C002,R+82,9.7,3.7,141.0,105.0,25.0,11.5,34.7,3.84,29.9,33.1,90.4
C003,L-3,9.5,3.3,138.0,101.0,23.0,13.3,41.6,4.5,29.6,32.0,92.4
C003,L-44,10.3,3.5,139.0,99.0,21.0,14.4,42.6,4.62,31.2,33.8,92.2
C003,L-92,9.3,3.7,139.0,102.0,20.0,13.2,40.7,4.46,,29.6,91.3
C003,R+1,9.4,3.0,137.0,103.0,20.0,,,,28.9,32.6,88.7
C003,R+194,9.6,3.8,137.0,101.0,22.0,13.3,40.4,4.64,28.7,32.9,87.1
C003,R+45,9.6,4.4,136.0,97.0,23.0,14.6,44.3,5.09,28.7,33.0,87.0
C003,R+82,10.0,3.7,138.0,102.0,23.0,14.4,44.6,4.89,29.4,32.3,91.2
C004,L-3,10.2,3.7,141.0,103.0,24.0,16.8,49.0,5.4,31.1,34.3,90.7
C004,L-44,10.1,4.2,140.0,103.0,24.0,16.6,50.0,5.57,29.8,33.2,89.8
C004,L-92,10.0,4.2,138.0,102.0,23.0,17.0,49.1,5.48,,34.6,89.6
C004,R+1,9.8,4.0,140.0,105.0,23.0,16.5,48.3,5.55,29.7,34.2,87.0
C004,R+194,9.8,3.8,141.0,105.0,19.0,16.5,48.0,5.58,29.6,34.4,86.0
C004,R+45,9.8,5.9,139.0,102.0,24.0,16.8,49.0,5.54,30.3,34.3,88.4
C004,R+82,10.0,4.2,140.0,103.0,24.0,16.4,47.5,5.45,30.1,34.5,87.2
