SUBJECT_ID,timepoint,CALCIUM,POTASSIUM,SODIUM,CHLORIDE,CARBON DIOXIDE
C001,L-3,9.6,3.9,142.0,102.0,26.0
C001,L-44,10.0,4.2,139.0,101.0,26.0
C001,L-92,9.7,4.6,141.0,104.0,23.0
C001,R+1,9.7,4.4,138.0,102.0,24.0
C001,R+194,9.4,4.3,137.0,102.0,23.0
C001,R+45,9.6,4.0,138.0,100.0,28.0
C001,R+82,10.1,4.3,140.0,101.0,27.0
C002,L-3,9.3,3.8,143.0,106.0,24.0
C002,L-44,9.7,4.0,141.0,103.0,26.0
C002,L-92,10.2,3.9,142.0,103.0,23.0
C002,R+1,9.2,3.5,137.0,103.0,22.0
C002,R+194,9.5,4.4,138.0,104.0,20.0
C002,R+45,9.3,4.1,140.0,104.0,21.0
C002,R+82,9.7,3.7,141.0,105.0,25.0
C003,L-3,9.5,3.3,138.0,101.0,23.0
C003,L-44,10.3,3.5,139.0,99.0,21.0
C003,L-92,9.3,3.7,139.0,102.0,20.0
C003,R+1,9.4,3.0,137.0,103.0,20.0
C003,R+194,9.6,3.8,137.0,101.0,22.0
C003,R+45,9.6,4.4,136.0,97.0,23.0
C003,R+82,10.0,3.7,138.0,102.0,23.0
C004,L-3,10.2,3.7,141.0,103.0,24.0
C004,L-44,10.1,4.2,140.0,103.0,24.0
C004,L-92,10.0,4.2,138.0,102.0,23.0
C004,R+1,9.8,4.0,140.0,105.0,23.0
C004,R+194,9.8,3.8,141.0,105.0,19.0
C004,R+45,9.8,5.9,139.0,102.0,24.0
C004,R+82,10.0,4.2,140.0,103.0,24.0
