SUBJECT_ID,timepoint,CALCIUM_z,POTASSIUM_z,SODIUM_z,CHLORIDE_z,CARBON DIOXIDE_z,HEMOGLOBIN_z,HEMATOCRIT_z,RED BLOOD CELL COUNT_z,MCH_z,MCHC_z,MCV_z,WHITE BLOOD CELL COUNT_z,RDW_z,PLATELET COUNT_z,MPV_z
C001,L-3,0.7526679998660067,-0.24396013943039976,1.0110293319266777,-0.2644943582261965,0.3763395751211186,0.4370490301738588,0.6454725865085702,-0.10387969673781078,0.6304413771137902,-0.48644464040441054,1.0164271224595756,-0.1277705147104847,-0.8824733769428683,0.2311530487179417,2.7379808606332583
C001,L-44,1.8555653200475308,0.6274557001400498,-0.19485185181877399,-0.5841895816239341,0.3763395751211186,0.5646618438410038,0.787712978539108,0.22432498825040506,0.40276384707609825,-0.48644464040441054,0.7201419206898357,-0.8090020507642932,-0.8824733769428683,-0.10460420702970825,2.4140598237664848
C001,L-92,1.0283923299113866,1.7893434862339799,0.6090689373448605,0.37489608856927875,-0.9200911232290392,0.05421058917242607,0.17133794640677846,-0.32952041766721085,0.4407101020823807,-0.29320334363726547,0.6889540047140733,-0.8544174865012136,-0.5975939111332493,-0.04065044403015588,2.0901387868997134
C001,R+1,1.0283923299113866,1.2083995931870162,-0.5968122464005912,-0.2644943582261965,-0.48794755711231996,0.4370490301738588,0.43211199846276427,0.20381219543864193,0.28892508205725226,0.18989989828059023,0.26791713904128583,-1.036079229448896,-0.9536932433952728,-0.2644886145285892,2.630007181677668
C001,R+194,0.20121933977524728,0.9179276466635317,-0.9987726409824085,-0.2644943582261965,-0.9200911232290392,0.05421058917242607,0.005390822371150676,-0.16541807517310203,0.25097882705097113,0.18989989828059023,0.20554130708976315,-1.0814946651858164,-0.7400336440380582,-0.4723383442771344,2.3060861448108945
C001,R+45,0.7526679998660067,0.04651180709308341,-0.5968122464005912,-0.9038848050216717,1.2406267073545572,0.18182340283957107,0.36099180244749446,-0.2269564536083933,0.4786563570886618,-0.48644464040441054,0.7981117106292407,-1.0814946651858164,-0.7400336440380582,-0.2485001737787011,2.3060861448108945
C001,R+82,2.1312896500929104,0.9179276466635317,0.20710854276304325,-0.5841895816239341,0.8084831412378378,1.0751130985095805,1.0247802985900039,0.5730424660503859,0.6304413771137902,0.5763824918148734,0.5330144248352633,-1.0814946651858164,-1.0961329763000818,0.21516460796805362,2.630007181677668
C002,L-3,-0.07450499027013248,-0.5344320859538829,1.412989726508495,1.0142865353647539,-0.48794755711231996,-1.6047559885004499,-1.3933063659291347,-2.093620599478879,0.4786563570886618,,1.2659304502656707,-0.036939643236643505,-1.2385727092048917,-0.04065044403015588,2.630007181677668
C002,L-44,1.0283923299113866,0.04651180709308341,0.6090689373448605,0.055200865171541144,0.3763395751211186,-0.7752726996640114,-0.9428784578324328,-1.6628519504318438,1.1237426921954554,,1.2191485763020282,-0.8544174865012136,-0.8824733769428683,-0.232511733028813,2.7379808606332583
C002,L-92,2.40701398013829,-0.24396013943039976,1.0110293319266777,0.055200865171541144,-0.9200911232290392,-0.5200470723297236,-0.23167649767974519,-0.7808018595260092,0.25097882705097113,,0.8137056686171208,-0.35484769339508754,-0.8112535104904639,-0.04065044403015588,1.8741914289885304
C002,R+1,-0.3502293203155171,-1.4058479255243312,-0.9987726409824085,0.055200865171541144,-1.3522346893457584,-1.2219175474990172,-1.2747727059036866,-1.4782368151259726,0.17508631703840757,,0.3302929709928107,-0.8090020507642932,-1.4522323085621052,0.13522240421861315,1.982165107944121
C002,R+194,0.476943669820627,1.2083995931870162,-0.5968122464005912,0.37489608856927875,-2.216521821579197,-0.8390791064975844,-0.8243447978069849,-1.293621679820099,0.4786563570886618,-0.29320334363726547,,-0.40026312913200796,-1.2385727092048917,-0.008673562530379693,2.630007181677668
C002,R+45,-0.07450499027013248,0.3369837536165653,0.20710854276304325,0.37489608856927875,-1.7843782554624776,-1.1581111406654452,-1.108825581868059,-1.4782368151259726,0.25097882705097113,-0.583065288787983,0.6109842147746682,-0.40026312913200796,-1.3097925756572963,0.13522240421861315,2.845954539588849
C002,R+82,1.0283923299113866,-0.8249040324773649,0.6090689373448605,0.6945913119670164,-0.05580399099560069,-1.6047559885004499,-1.6777871499902086,-1.8474670857377167,0.09919380702584267,-0.389823992020838,0.3146990130049306,-0.8998329222381344,-1.3810124421097008,0.023303318969396497,2.3060861448108945
C003,L-3,0.476943669820627,-1.9867918185712976,-0.5968122464005912,-0.5841895816239341,-0.9200911232290392,-0.45624066549615055,-0.04202264163902749,-0.49362276016131973,-0.014644957993001985,-1.4526511242401219,0.6265781727625506,1.1438616859232915,-0.9536932433952728,1.973893090455744,2.630007181677668
C003,L-44,2.682738310183675,-1.4058479255243312,-0.19485185181877399,-1.2235800284194094,-1.7843782554624776,0.24562980967314302,0.19504467841186837,-0.24746924642015647,0.5924951221075078,0.2865205466641559,0.5953902567867881,0.9167845072386887,-0.45515417822844045,1.6221473939582058,2.0901387868997134
C003,L-92,-0.07450499027013248,-0.8249040324773649,-0.19485185181877399,-0.2644943582261965,-2.216521821579197,-0.5200470723297236,-0.25538322968483346,-0.5756739314083741,,-3.771546685445828,0.4550446348958583,1.0530308144494498,,,
C003,R+1,0.20121933977524728,-2.8582076581417457,-0.9987726409824085,0.055200865171541144,-2.216521821579197,,,,-0.28026874303697646,-0.8729272339386938,0.04960172721095313,-0.1277705147104847,-0.8112535104904639,1.8459855644566392,2.3060861448108945
C003,R+194,0.7526679998660067,-0.5344320859538829,-0.9987726409824085,-0.5841895816239341,-1.3522346893457584,-0.45624066549615055,-0.3265034257001032,-0.20644366079663015,-0.35616125304954,-0.583065288787983,-0.1999016005951442,0.05389122823719771,-0.5263740446808449,-0.9360031260238891,1.982165107944121
C003,R+45,0.7526679998660067,1.2083995931870162,-1.4007330355642256,-1.8629704752148846,-0.9200911232290392,0.3732426233402869,0.5980591224983903,0.7166320157327316,-0.35616125304954,-0.48644464040441054,-0.21549555858302433,0.23555297118487972,-0.9536932433952728,2.4375578722024986,2.1981124658553037
C003,R+82,1.8555653200475308,-0.8249040324773649,-0.5968122464005912,-0.2644943582261965,-0.9200911232290392,0.24562980967314302,0.6691793185136601,0.3063761594974595,-0.09053746800556689,-1.1627891790894112,0.4394506769079781,0.6897073285540858,-0.6688137775856537,1.6221473939582058,1.982165107944121
C004,L-3,2.40701398013829,-0.8249040324773649,0.6090689373448605,0.055200865171541144,-0.48794755711231996,1.7769835736788753,1.7122755267376015,1.3525285928974038,0.5545488671012268,0.7696237885820115,0.36148088696857317,1.5071851718186555,-0.38393431177603476,0.8227253564638012,1.8741914289885304
C004,L-44,2.1312896500929104,0.6274557001400498,0.20710854276304325,0.055200865171541144,-0.48794755711231996,1.6493707600117313,1.9493428467884975,1.7012460706973846,0.06124755201956157,-0.29320334363726547,0.22113526507764325,-0.40026312913200796,-0.8112535104904639,-0.2644886145285892,1.6582440710773494
C004,L-92,1.8555653200475308,0.6274557001400498,-0.5968122464005912,-0.2644943582261965,-0.9200911232290392,1.904596387346019,1.7359822587426916,1.5166309353915126,,1.059485733732729,0.1899473491018808,0.19013753544795933,-0.9536932433952728,-0.07262732552993206,1.2263493552549853
C004,R+1,1.3041166599567713,0.04651180709308341,0.20710854276304325,0.6945913119670164,-0.9200911232290392,1.5855643531781582,1.546328402701974,1.6602204850738564,0.02330129701327912,0.6730031401984459,-0.21549555858302433,0.37179927839564136,-0.45515417822844045,-0.056638884780043974,1.76621775003294
C004,R+194,1.3041166599567713,-0.5344320859538829,0.6090689373448605,0.6945913119670164,-2.648665387695916,1.5855643531781582,1.4752082066867058,1.7217588635091476,-0.014644957993001985,0.8662444369655841,-0.37143513846183435,0.462630149869483,-0.5263740446808449,0.19917616721816553,1.5502703921217589
C004,R+45,1.3041166599567713,5.56547879103926,-0.19485185181877399,-0.2644943582261965,-0.48794755711231996,1.7769835736788753,1.7122755267376015,1.6397076922620932,0.25097882705097113,0.7696237885820115,0.0028198532473105733,-0.21860138618432592,-0.8824733769428683,0.5988871859653678,1.6582440710773494
C004,R+82,1.8555653200475308,0.6274557001400498,0.20710854276304325,0.055200865171541144,-0.48794755711231996,1.5217579463445852,1.3566745466612578,1.4550925569562214,0.17508631703840757,0.9628650853491566,-0.18430764260726187,0.28096840692180053,-0.6688137775856537,-0.7281533962753439,2.1981124658553037
