SUBJECT_ID,timepoint,CALCIUM_pctile,POTASSIUM_pctile,SODIUM_pctile,CHLORIDE_pctile,CARBON DIOXIDE_pctile,HEMOGLOBIN_pctile,HEMATOCRIT_pctile,RED BLOOD CELL COUNT_pctile,MCH_pctile,MCHC_pctile,MCV_pctile,WHITE BLOOD CELL COUNT_pctile,RDW_pctile,PLATELET COUNT_pctile,MPV_pctile
C001,L-3,82.88819303739179,45.36934950385888,89.3460690668626,43.295371050698016,73.01616458486407,67.24044210907773,74.07138974451894,48.432687080992935,76.98858488856676,28.7343834872352,88.87479615872441,51.00561695959412,10.092408044935677,64.03333937307484,99.05780032614604
C001,L-44,97.58703260268926,78.99669239250275,50.82659808963997,31.943423952975753,73.01616458486407,71.87896358035876,78.83674578728031,61.33357492299329,65.24732741438667,28.7343834872352,79.83330313462584,21.253850335205655,10.092408044935677,50.951259286102555,98.36926979525276
C001,L-92,89.26137410204458,96.6188901139287,80.89639970609845,69.45260837619398,22.81410727406319,52.31020112339192,56.93060337017576,38.93821344446457,67.60282659902155,36.04924859677711,78.67367276680558,19.260735640514586,25.838014132995106,53.57854683819533,97.11904330494654
C001,R+1,89.26137410204458,91.2348401323043,33.65172667156502,43.295371050698016,38.40925789860397,67.24044210907773,66.98677296611704,60.554448269614056,58.81500271788368,57.378236465688936,58.923718064866826,12.719695597028446,7.519478166334482,43.25058887479616,98.73165428519658
C001,R+194,65.48167249953951,86.640940830577,18.681116825863338,43.295371050698016,22.81410727406319,52.31020112339192,50.13589418372894,45.64232650842544,57.07555716615329,57.378236465688936,55.71661532886393,11.650661351694147,16.70592498641058,33.375611523826784,98.11560065229207
C001,R+45,82.88819303739179,58.3608967291437,33.65172667156502,21.436443791329904,93.18515797207935,57.56477622757746,64.35948541402428,43.196231201304585,69.4328682732379,28.7343834872352,82.94980974814278,11.650661351694147,16.70592498641058,43.99347707918101,98.11560065229207
C001,R+82,98.47117332842143,86.640940830577,67.85451873622337,31.943423952975753,85.21307861866275,87.71516579090415,86.01195868816815,73.61840913208914,76.98858488856676,74.32554770957813,72.2232288458054,11.650661351694147,3.0440297155281755,63.435404964667505,98.73165428519658
C002,L-3,53.8589058758519,32.837192208746785,94.8383541513593,89.36443791329904,38.40925789860397,5.526363471643413,7.302047472368183,1.1958688168146403,69.4328682732379,,93.45895995651387,55.15491936945098,1.2321072658090233,53.57854683819533,98.73165428519658
C002,L-44,89.26137410204458,58.3608967291437,80.89639970609845,56.35562086700955,73.01616458486407,20.076100742888205,15.872440659539771,3.406414205472006,92.08189889472732,,92.69795252763183,19.260735640514586,10.092408044935677,44.826961406051815,99.05780032614604
C002,L-92,99.0053416835513,45.36934950385888,89.3460690668626,56.35562086700955,22.81410727406319,28.537778583076644,40.35151295524552,22.06921543757927,57.07555716615329,,83.43902880956695,41.11252038412756,13.643776046385215,53.57854683819533,96.10436673310382
C002,R+1,41.959845275373,8.213891951488424,18.681116825863338,56.35562086700955,12.178545187362232,10.092408044935677,9.113969922087335,5.580721145134988,52.87189708280485,,62.09458235187534,21.253850335205655,0.10871534698314912,60.46385214712811,96.7928972639971
C002,R+194,74.72831092282189,91.2348401323043,33.65172667156502,69.45260837619398,2.5165319617927997,18.554085885124117,18.84399347707918,8.516035513680015,69.4328682732379,36.04924859677711,,39.28247870991122,1.2321072658090233,54.883131001993114,98.73165428519658
C002,R+45,53.8589058758519,69.20249908122014,67.85451873622337,69.45260837619398,5.914768552534901,10.96213082080087,12.176118862112702,5.580721145134988,57.07555716615329,25.493391272858958,75.33973545932234,39.28247870991122,0.7972458778764269,60.46385214712811,99.13027722413482
C002,R+82,89.26137410204458,21.848585079015066,80.89639970609845,80.45554739162381,56.373989713445994,5.526363471643413,4.384852328320348,2.101830041674216,48.813190795433954,32.60908926308166,61.242978800507345,17.37633629280667,0.2899075919550643,56.26019206377967,98.11560065229207
C003,L-3,74.72831092282189,2.517456817346564,33.65172667156502,31.943423952975753,22.81410727406319,30.965754665700306,48.05218336655191,32.19786193150933,42.797608262366374,7.731305449936629,76.15510056169596,88.54865011777497,7.519478166334482,96.593585794528,98.73165428519658
C003,L-44,99.2816356603426,8.213891951488424,50.82659808963997,13.537839823659073,5.914768552534901,59.86591773872079,57.836564595035334,42.43522377242254,74.72368182641783,62.32120224515661,74.63308570393187,84.67113607537597,36.510237361840915,94.27432505888747,97.11904330494654
C003,L-92,53.8589058758519,21.848585079015066,50.82659808963997,43.295371050698016,2.5165319617927997,28.537778583076644,39.427432505888746,28.8458053995289,,0.416440340394713,68.65374161985866,87.28030440297155,,,
C003,R+1,65.48167249953951,0.3858875413450937,18.681116825863338,56.35562086700955,2.5165319617927997,,,,30.567131726762092,17.381857686040195,47.50860663163616,51.00561695959412,13.643776046385215,95.97753216162349,98.11560065229207
C003,R+194,82.88819303739179,32.837192208746785,18.681116825863338,31.943423952975753,12.178545187362232,30.965754665700306,36.329045116869,44.12031165066136,27.849248052183366,25.493391272858958,35.11505707555717,58.74252581989491,31.889835115057075,15.437579271607174,96.7928972639971
C003,R+45,82.88819303739179,91.2348401323043,9.753857457751653,4.720793534166055,22.81410727406319,64.59503533248777,72.94799782569305,77.5502808479797,27.849248052183366,28.7343834872352,34.51712266714985,65.50099655734735,7.519478166334482,98.20619677477805,97.66262003986229
C003,R+82,97.58703260268926,21.848585079015066,33.65172667156502,43.295371050698016,22.81410727406319,59.86591773872079,74.70556260192063,64.34136618952708,39.21000181192245,11.533586818757922,67.7296611705019,79.77894546113427,21.30820800869723,94.27432505888747,96.7928972639971
C004,L-3,99.0053416835513,21.848585079015066,80.89639970609845,56.35562086700955,38.40925789860397,97.82569306033702,96.70230114151114,91.55644138430876,73.02047472368183,81.62230671736374,63.85214712810292,92.716071752129,42.25403152745063,82.75049827867366,96.10436673310382
C004,L-44,98.47117332842143,78.99669239250275,67.85451873622337,56.35562086700955,38.40925789860397,97.15528175394094,98.04312375430332,95.63326689617683,47.001268345714806,36.04924859677711,56.45950353324878,39.28247870991122,13.643776046385215,43.25058887479616,94.50987497735098
C004,L-92,97.58703260268926,78.99669239250275,33.65172667156502,43.295371050698016,22.81410727406319,98.296792897264,96.91973183547744,93.58579452799421,,88.84664131812421,55.02808479797064,63.65283565863381,7.519478166334482,52.3464395723863,89.63580358760646
C004,R+1,93.27684656474489,58.3608967291437,67.85451873622337,80.45554739162381,22.81410727406319,96.73853959050552,95.34335930422178,95.27088240623301,44.645769161079905,78.34510229947492,34.51712266714985,70.41130639608625,36.510237361840915,52.87189708280485,95.47019387570212
C004,R+194,93.27684656474489,32.837192208746785,80.89639970609845,80.45554739162381,1.0102865540044086,96.73853959050552,94.52799420184816,95.7238630186628,42.797608262366374,84.28390367553865,27.86736727668056,73.0929516216706,31.889835115057075,62.98242435223772,93.54955607899981
C004,R+45,93.27684656474489,100.0,50.82659808963997,43.295371050698016,38.40925789860397,97.82569306033702,96.70230114151114,95.0715709367639,57.07555716615329,81.62230671736374,45.15310744700127,47.41801050915021,10.092408044935677,76.39065048015945,94.50987497735098
C004,R+82,97.58703260268926,78.99669239250275,67.85451873622337,56.35562086700955,38.40925789860397,95.79633991665156,92.9335024460953,92.98786011958688,52.87189708280485,86.8730762266884,35.857945279942015,67.14984598659177,21.30820800869723,22.540315274506252,97.66262003986229
