group,k,pooled_r,r_ci_lower,r_ci_upper,p_value,Q,I_squared,tau_squared,z_pooled,se_pooled
liver,10,-0.010374827106608217,-0.040307688020848935,0.019576638561095986,0.497214135063488,12.723650133877664,29.265580982639317,0.0006829281700082798,-0.010375199369201478,0.01528282621786751
muscle,12,0.03492812019762544,0.012303545314133009,0.057516950556032925,0.002483965907089313,9.094050509785635,0.0,0.0,0.03494233439826627,0.011550085817456437
kidney,6,-0.016198143409689992,-0.0542049181765472,0.02185549828026051,0.40412825330849556,7.5530551853270325,33.801622293012414,0.0007643982788073835,-0.01619956032157046,0.019417622169571828
muscle_EDL,2,0.025009474501314934,-0.0351656915690408,0.0850039502682247,0.4153580300013967,1.1648606397543662,14.152820872128554,0.0002669809681681408,0.02501469071615953,0.030711677883329278
muscle_gastrocnemius,2,0.026337861495216146,-0.046532426606426674,0.09892931423712695,0.4788271866323123,1.631188450927781,38.69500489466905,0.0010764243662552088,0.026343954073010885,0.03719898439679019
muscle_quadriceps,3,0.013973415966335856,-0.03460817264380474,0.06248912186617741,0.5730153321439475,2.3088169280217894,13.375548501646941,0.00024670673422873935,0.013974325538981902,0.024794043445052923
muscle_soleus,3,0.05930327403165978,0.01479185471021868,0.10358011561430885,0.009044048506328084,1.1036052669788752,0.0,0.0,0.05937294189830047,0.022744902159317754
muscle_tibialis_anterior,2,0.04479390573990806,-0.010370573037235617,0.09968655605311527,0.11144720033258572,0.6116020707699024,0.0,0.0,0.044823901427470995,0.02816063585180762
all_studies,28,0.007549103342132602,-0.010234172510577873,0.025327605473652797,0.40539556599108906,39.00024762539781,30.769670338151876,0.0007084533329915895,0.007549246752222288,0.009073355402289936
