study_id,tissue,muscle_subtype,n_shared,spearman_r,spearman_p,fisher_z,z_var,concordance_pct,concordance_n,binom_p,pooled_r_tissue,pooled_r_ci_lower,pooled_r_ci_upper,Q_stat,I_squared,tau_squared
OSD-47,liver,,582,-0.049074654279414966,0.23717508139622753,-0.04911410715574274,0.0017271157167530224,47.766323024054984,278,0.8684781670387912,-0.010374827106608217,-0.040307688020848935,0.019576638561095986,12.723650133877664,29.265580982639317,0.0006829281700082798
OSD-48,liver,,633,0.02864741186099171,0.47184682740859096,0.028655252452760984,0.0015873015873015873,52.76461295418641,334,0.08826358129568973,-0.010374827106608217,-0.040307688020848935,0.019576638561095986,12.723650133877664,29.265580982639317,0.0006829281700082798
OSD-137,liver,,590,-0.021244663828141542,0.6065566099621545,-0.021247860852643324,0.0017035775127768314,48.813559322033896,288,0.7315429104428293,-0.010374827106608217,-0.040307688020848935,0.019576638561095986,12.723650133877664,29.265580982639317,0.0006829281700082798
OSD-168,liver,,698,0.07398696502283127,0.05071449512206583,0.07412241347429654,0.0014388489208633094,51.00286532951289,356,0.3113552141240997,-0.010374827106608217,-0.040307688020848935,0.019576638561095986,12.723650133877664,29.265580982639317,0.0006829281700082798
OSD-173,liver,,549,-0.02237018020957477,0.6009597379402062,-0.022373912862584878,0.0018315018315018315,43.71584699453552,240,0.9986103190057697,-0.010374827106608217,-0.040307688020848935,0.019576638561095986,12.723650133877664,29.265580982639317,0.0006829281700082798
OSD-242,liver,,613,-0.0846257982989023,0.036196020811998235,-0.08482868742333369,0.001639344262295082,49.75530179445351,305,0.5641647786822843,-0.010374827106608217,-0.040307688020848935,0.019576638561095986,12.723650133877664,29.265580982639317,0.0006829281700082798
OSD-245,liver,,634,0.015024609521776646,0.7057390896540439,0.015025740221158114,0.001584786053882726,51.10410094637224,324,0.3028412937268878,-0.010374827106608217,-0.040307688020848935,0.019576638561095986,12.723650133877664,29.265580982639317,0.0006829281700082798
OSD-686,liver,,521,-0.019115862216316046,0.6633305775953077,-0.01911819114212259,0.0019305019305019305,54.702495201535505,285,0.017686073034901228,-0.010374827106608217,-0.040307688020848935,0.019576638561095986,12.723650133877664,29.265580982639317,0.0006829281700082798
OSD-379,liver,,672,0.018347826790601766,0.634940573637434,0.018349886094177426,0.0014947683109118087,52.529761904761905,353,0.10149120968398945,-0.010374827106608217,-0.040307688020848935,0.019576638561095986,12.723650133877664,29.265580982639317,0.0006829281700082798
OSD-463,liver,,601,-0.05882409957093437,0.1497724403722592,-0.058892089967099985,0.0016722408026755853,46.089850249584025,277,0.9749278779693752,-0.010374827106608217,-0.040307688020848935,0.019576638561095986,12.723650133877664,29.265580982639317,0.0006829281700082798
OSD-99,muscle,EDL,620,-0.00571828053055582,0.8870027026008638,-0.005718342858619927,0.0016207455429497568,47.25806451612903,293,0.9201109173570053,0.03492812019762544,0.012303545314133009,0.057516950556032925,9.094050509785635,0.0,0.0
OSD-101,muscle,gastrocnemius,667,0.060890548864835414,0.11616207579548701,0.06096597051469307,0.0015060240963855422,48.57571214392804,324,0.7806422624958639,0.03492812019762544,0.012303545314133009,0.057516950556032925,9.094050509785635,0.0,0.0
OSD-103,muscle,quadriceps,643,0.04390554811768204,0.26626614315403047,0.04393379299349888,0.0015625,49.14463452566096,316,0.6819597819530814,0.03492812019762544,0.012303545314133009,0.057516950556032925,9.094050509785635,0.0,0.0
OSD-104,muscle,soleus,649,0.02888243046409445,0.4626266665474604,0.028890465677238315,0.0015479876160990713,44.067796610169495,286,0.9989119306991682,0.03492812019762544,0.012303545314133009,0.057516950556032925,9.094050509785635,0.0,0.0
OSD-105,muscle,tibialis_anterior,618,0.022248978070794647,0.580914516719918,0.02225265036921251,0.0016260162601626016,43.20388349514563,267,0.9996916534232375,0.03492812019762544,0.012303545314133009,0.057516950556032925,9.094050509785635,0.0,0.0
OSD-326,muscle,quadriceps,613,-0.03599890769186922,0.3735946032695321,-0.03601447037888525,0.001639344262295082,51.386623164763456,315,0.2590805724243409,0.03492812019762544,0.012303545314133009,0.057516950556032925,9.094050509785635,0.0,0.0
OSD-419,muscle,gastrocnemius,528,-0.013622962986393735,0.7548091491584088,-0.013623805819988786,0.0019047619047619048,49.24242424242424,260,0.6523313169482676,0.03492812019762544,0.012303545314133009,0.057516950556032925,9.094050509785635,0.0,0.0
OSD-576,muscle,tibialis_anterior,649,0.06621498505399384,0.09190050611897652,0.06631201195507001,0.0015479876160990713,56.240369799691834,365,0.0008336553449930327,0.03492812019762544,0.012303545314133009,0.057516950556032925,9.094050509785635,0.0,0.0
OSD-665,muscle,EDL,621,0.05564748067753683,0.1660501752844696,0.05570502774762666,0.0016181229773462784,52.65700483091788,327,0.09953120728863567,0.03492812019762544,0.012303545314133009,0.057516950556032925,9.094050509785635,0.0,0.0
OSD-666,muscle,quadriceps,631,0.032252672150556196,0.41864061530333824,0.03226386258710524,0.0015923566878980893,51.188589540412046,323,0.28866797072172384,0.03492812019762544,0.012303545314133009,0.057516950556032925,9.094050509785635,0.0,0.0
OSD-714,muscle,soleus,606,0.0877919303741669,0.030703726385956656,0.0880185290448763,0.001658374792703151,57.0957095709571,346,0.00027198745532183244,0.03492812019762544,0.012303545314133009,0.057516950556032925,9.094050509785635,0.0,0.0
OSD-770,muscle,soleus,687,0.06282574505041406,0.09990121248935863,0.06290860065476381,0.0014619883040935672,43.522561863173216,299,0.9997072418466426,0.03492812019762544,0.012303545314133009,0.057516950556032925,9.094050509785635,0.0,0.0
OSD-102,kidney,,675,-0.015561967779739375,0.6865165513338694,-0.015563224201333808,0.001488095238095238,48.592592592592595,328,0.7792792908226476,-0.016198143409689992,-0.0542049181765472,0.02185549828026051,7.5530551853270325,33.801622293012414,0.0007643982788073835
OSD-163,kidney,,709,-0.03773874014532418,0.3156409596538902,-0.03775667146587398,0.00141643059490085,55.994358251057825,397,0.0007942171174193442,-0.016198143409689992,-0.0542049181765472,0.02185549828026051,7.5530551853270325,33.801622293012414,0.0007643982788073835
OSD-253,kidney,,701,-0.05456940964025831,0.14893629994636334,-0.05462367259282842,0.0014326647564469914,49.64336661911555,348,0.5896292058654258,-0.016198143409689992,-0.0542049181765472,0.02185549828026051,7.5530551853270325,33.801622293012414,0.0007643982788073835
OSD-462,kidney,,587,-0.05924425243829776,0.15169373686162424,-0.05931371220857238,0.0017123287671232876,49.91482112436116,293,0.5328902178089596,-0.016198143409689992,-0.0542049181765472,0.02185549828026051,7.5530551853270325,33.801622293012414,0.0007643982788073835
OSD-513,kidney,,660,-0.0022987785914828475,0.9529960574593526,-0.0022987826407045143,0.0015220700152207,47.878787878787875,316,0.8705220387506523,-0.016198143409689992,-0.0542049181765472,0.02185549828026051,7.5530551853270325,33.801622293012414,0.0007643982788073835
OSD-771,kidney,,697,0.0684202465322092,0.07104025993738415,0.0685273133431986,0.001440922190201729,50.64562410329986,353,0.38094926325627176,-0.016198143409689992,-0.0542049181765472,0.02185549828026051,7.5530551853270325,33.801622293012414,0.0007643982788073835
