feature_space,classifier,sample_idx,true_label,predicted_prob,astronaut
DAE,LogReg,0,0.0,0.283105681860458,C001
DAE,LogReg,1,0.0,0.4658845966921974,C001
DAE,LogReg,2,0.0,0.364024438537756,C001
DAE,LogReg,3,1.0,0.4734162986430087,C001
DAE,LogReg,4,0.0,0.4135048985297284,C002
DAE,LogReg,5,0.0,0.3882024333610545,C002
DAE,LogReg,6,0.0,0.3807411056375501,C002
DAE,LogReg,7,1.0,0.3808795849254595,C002
DAE,LogReg,8,0.0,0.3907418762407295,C003
DAE,LogReg,9,0.0,0.3620549156247297,C003
DAE,LogReg,10,0.0,0.5175125209434444,C003
DAE,LogReg,11,1.0,0.2286607983213845,C003
DAE,LogReg,12,0.0,0.3926964169634859,C004
DAE,LogReg,13,0.0,0.4277306442245696,C004
DAE,LogReg,14,0.0,0.3904834832381837,C004
DAE,LogReg,15,1.0,0.3454438376643733,C004
DAE,LogReg,16,0.0,0.422037793354856,PS001
DAE,LogReg,17,1.0,0.4408856608880945,PS001
DAE,LogReg,18,1.0,0.5880430987807352,PS001
DAE,LogReg,19,0.0,0.0490976135179044,PS004
DAE,LogReg,20,1.0,0.419584808034107,PS004
DAE,LogReg,21,1.0,0.0490449839369807,PS004
DAE,SVM_rbf,0,0.0,0.3831685408099113,C001
DAE,SVM_rbf,1,0.0,0.3721684760041779,C001
DAE,SVM_rbf,2,0.0,0.3919256090976397,C001
DAE,SVM_rbf,3,1.0,0.3788317418258302,C001
DAE,SVM_rbf,4,0.0,0.3897205439178072,C002
DAE,SVM_rbf,5,0.0,0.4253807029881837,C002
DAE,SVM_rbf,6,0.0,0.3827619836448093,C002
DAE,SVM_rbf,7,1.0,0.4097220655478299,C002
DAE,SVM_rbf,8,0.0,0.4042695116672642,C003
DAE,SVM_rbf,9,0.0,0.5,C003
DAE,SVM_rbf,10,0.0,0.3845687839709258,C003
DAE,SVM_rbf,11,1.0,0.3112372401037775,C003
DAE,SVM_rbf,12,0.0,0.5416881694025231,C004
DAE,SVM_rbf,13,0.0,0.4686839886365854,C004
DAE,SVM_rbf,14,0.0,0.5408762152370804,C004
DAE,SVM_rbf,15,1.0,0.3113391806741902,C004
DAE,SVM_rbf,16,0.0,0.2968011815124305,PS001
DAE,SVM_rbf,17,1.0,0.2648961820373277,PS001
DAE,SVM_rbf,18,1.0,0.265507845867342,PS001
DAE,SVM_rbf,19,0.0,0.41368314453062,PS004
DAE,SVM_rbf,20,1.0,0.2386731694984611,PS004
DAE,SVM_rbf,21,1.0,0.4140656420905446,PS004
DAE,SVM_linear,0,0.0,0.4525097384260111,C001
DAE,SVM_linear,1,0.0,0.3829004051558802,C001
DAE,SVM_linear,2,0.0,0.4213167664773254,C001
DAE,SVM_linear,3,1.0,0.3813943105981537,C001
DAE,SVM_linear,4,0.0,0.4003947435826334,C002
DAE,SVM_linear,5,0.0,0.414039324732942,C002
DAE,SVM_linear,6,0.0,0.4230735050874501,C002
DAE,SVM_linear,7,1.0,0.4086658574447196,C002
DAE,SVM_linear,8,0.0,0.41945284494453,C003
DAE,SVM_linear,9,0.0,0.4366059753370839,C003
DAE,SVM_linear,10,0.0,0.3648475978008383,C003
DAE,SVM_linear,11,1.0,0.5231708299231353,C003
DAE,SVM_linear,12,0.0,0.5,C004
DAE,SVM_linear,13,0.0,0.4610780491372317,C004
DAE,SVM_linear,14,0.0,0.489565552259801,C004
DAE,SVM_linear,15,1.0,0.5,C004
DAE,SVM_linear,16,0.0,0.3408901286556078,PS001
DAE,SVM_linear,17,1.0,0.3307577909504083,PS001
DAE,SVM_linear,18,1.0,0.2546575120975116,PS001
DAE,SVM_linear,19,0.0,0.0352316719256178,PS004
DAE,SVM_linear,20,1.0,0.345572906095493,PS004
DAE,SVM_linear,21,1.0,0.0356134986786559,PS004
DAE,RF,0,0.0,0.335,C001
DAE,RF,1,0.0,0.4396313131313131,C001
DAE,RF,2,0.0,0.4333333333333333,C001
DAE,RF,3,1.0,0.5579646464646465,C001
DAE,RF,4,0.0,0.3945238095238095,C002
DAE,RF,5,0.0,0.1520995670995671,C002
DAE,RF,6,0.0,0.1809090909090909,C002
DAE,RF,7,1.0,0.3591666666666667,C002
DAE,RF,8,0.0,0.4523333333333333,C003
DAE,RF,9,0.0,0.155,C003
DAE,RF,10,0.0,0.3825,C003
DAE,RF,11,1.0,0.3283333333333333,C003
DAE,RF,12,0.0,0.2670238095238095,C004
DAE,RF,13,0.0,0.4083333333333334,C004
DAE,RF,14,0.0,0.1833333333333333,C004
DAE,RF,15,1.0,0.5241666666666667,C004
DAE,RF,16,0.0,0.4038095238095238,PS001
DAE,RF,17,1.0,0.4413095238095239,PS001
DAE,RF,18,1.0,0.4513095238095239,PS001
DAE,RF,19,0.0,0.4825,PS004
DAE,RF,20,1.0,0.3035,PS004
DAE,RF,21,1.0,0.4825,PS004
VAE,LogReg,0,0.0,0.4896476645810559,C001
VAE,LogReg,1,0.0,0.5056505715568331,C001
VAE,LogReg,2,0.0,0.4850160571286965,C001
VAE,LogReg,3,1.0,0.4494468521733559,C001
VAE,LogReg,4,0.0,0.904815034972148,C002
VAE,LogReg,5,0.0,0.6336852502316215,C002
VAE,LogReg,6,0.0,0.2287989217337536,C002
VAE,LogReg,7,1.0,0.7579579525606279,C002
VAE,LogReg,8,0.0,0.3915237761015598,C003
VAE,LogReg,9,0.0,0.3951063913667743,C003
VAE,LogReg,10,0.0,0.4134065394208683,C003
VAE,LogReg,11,1.0,0.3758582180417767,C003
VAE,LogReg,12,0.0,0.508287933163734,C004
VAE,LogReg,13,0.0,0.4352841939980478,C004
VAE,LogReg,14,0.0,0.4583020019246697,C004
VAE,LogReg,15,1.0,0.3077174455940207,C004
VAE,LogReg,16,0.0,0.3064700880786441,PS001
VAE,LogReg,17,1.0,0.1916479696002803,PS001
VAE,LogReg,18,1.0,0.2038502687464483,PS001
VAE,LogReg,19,0.0,0.4071565822701619,PS004
VAE,LogReg,20,1.0,0.4009848789587009,PS004
VAE,LogReg,21,1.0,0.4037854328551472,PS004
VAE,SVM_rbf,0,0.0,0.3941722505450343,C001
VAE,SVM_rbf,1,0.0,0.3882702258844148,C001
VAE,SVM_rbf,2,0.0,0.3923539950549826,C001
VAE,SVM_rbf,3,1.0,0.3925960727179881,C001
VAE,SVM_rbf,4,0.0,0.3609857030008994,C002
VAE,SVM_rbf,5,0.0,0.371074479892734,C002
VAE,SVM_rbf,6,0.0,0.3878129943914489,C002
VAE,SVM_rbf,7,1.0,0.3625443810629007,C002
VAE,SVM_rbf,8,0.0,0.5191878833940273,C003
VAE,SVM_rbf,9,0.0,0.5,C003
VAE,SVM_rbf,10,0.0,0.5120434841034487,C003
VAE,SVM_rbf,11,1.0,0.4761454753524028,C003
VAE,SVM_rbf,12,0.0,0.4475022301336147,C004
VAE,SVM_rbf,13,0.0,0.6036060164583873,C004
VAE,SVM_rbf,14,0.0,0.5665637065274465,C004
VAE,SVM_rbf,15,1.0,0.2995152551454302,C004
VAE,SVM_rbf,16,0.0,0.2812640676889015,PS001
VAE,SVM_rbf,17,1.0,0.2597375158426036,PS001
VAE,SVM_rbf,18,1.0,0.256823150397083,PS001
VAE,SVM_rbf,19,0.0,0.3918196665399736,PS004
VAE,SVM_rbf,20,1.0,0.2945767561227145,PS004
VAE,SVM_rbf,21,1.0,0.3917732807195377,PS004
VAE,SVM_linear,0,0.0,0.3886731049468632,C001
VAE,SVM_linear,1,0.0,0.3847746212295789,C001
VAE,SVM_linear,2,0.0,0.3998409383238242,C001
VAE,SVM_linear,3,1.0,0.4222286556084972,C001
VAE,SVM_linear,4,0.0,0.2168186048458167,C002
VAE,SVM_linear,5,0.0,0.3420484087714902,C002
VAE,SVM_linear,6,0.0,0.4829356188919813,C002
VAE,SVM_linear,7,1.0,0.2924634071254495,C002
VAE,SVM_linear,8,0.0,0.4945050661847424,C003
VAE,SVM_linear,9,0.0,0.4879774877318433,C003
VAE,SVM_linear,10,0.0,0.4628781006550869,C003
VAE,SVM_linear,11,1.0,0.5336694029167678,C003
VAE,SVM_linear,12,0.0,0.424604212154941,C004
VAE,SVM_linear,13,0.0,0.5140564675149046,C004
VAE,SVM_linear,14,0.0,0.4786771942284368,C004
VAE,SVM_linear,15,1.0,0.6570327057993955,C004
VAE,SVM_linear,16,0.0,0.3325946886397731,PS001
VAE,SVM_linear,17,1.0,0.3483546780879822,PS001
VAE,SVM_linear,18,1.0,0.3444047901392469,PS001
VAE,SVM_linear,19,0.0,0.3381588398875881,PS004
VAE,SVM_linear,20,1.0,0.3462910228913559,PS004
VAE,SVM_linear,21,1.0,0.3406024127923304,PS004
VAE,RF,0,0.0,0.4116422466422466,C001
VAE,RF,1,0.0,0.4037619047619047,C001
VAE,RF,2,0.0,0.3620952380952381,C001
VAE,RF,3,1.0,0.3787619047619047,C001
VAE,RF,4,0.0,0.774,C002
VAE,RF,5,0.0,0.7290000000000001,C002
VAE,RF,6,0.0,0.2988333333333333,C002
VAE,RF,7,1.0,0.7440000000000001,C002
VAE,RF,8,0.0,0.2112906537906537,C003
VAE,RF,9,0.0,0.2804573204573204,C003
VAE,RF,10,0.0,0.2162906537906537,C003
VAE,RF,11,1.0,0.2847906537906537,C003
VAE,RF,12,0.0,0.513548951048951,C004
VAE,RF,13,0.0,0.2376045066045065,C004
VAE,RF,14,0.0,0.334048951048951,C004
VAE,RF,15,1.0,0.5185959595959596,C004
VAE,RF,16,0.0,0.4075,PS001
VAE,RF,17,1.0,0.3633333333333333,PS001
VAE,RF,18,1.0,0.4033333333333332,PS001
VAE,RF,19,0.0,0.281,PS004
VAE,RF,20,1.0,0.4593333333333333,PS004
VAE,RF,21,1.0,0.281,PS004
Transformer,LogReg,0,0.0,0.3205580602544348,C001
Transformer,LogReg,1,0.0,0.589419643010948,C001
Transformer,LogReg,2,0.0,0.631596843285547,C001
Transformer,LogReg,3,1.0,0.6027091399003368,C001
Transformer,LogReg,4,0.0,0.449867132440113,C002
Transformer,LogReg,5,0.0,0.4562742768072316,C002
Transformer,LogReg,6,0.0,0.491944788973099,C002
Transformer,LogReg,7,1.0,0.4482682966370125,C002
Transformer,LogReg,8,0.0,0.3297122263156437,C003
Transformer,LogReg,9,0.0,0.5429683419809895,C003
Transformer,LogReg,10,0.0,0.5234117551600651,C003
Transformer,LogReg,11,1.0,0.5683106466498093,C003
Transformer,LogReg,12,0.0,0.4331503347909521,C004
Transformer,LogReg,13,0.0,0.4548196180497022,C004
Transformer,LogReg,14,0.0,0.4541189497091842,C004
Transformer,LogReg,15,1.0,0.3973612617649235,C004
Transformer,LogReg,16,0.0,0.200028798146708,PS001
Transformer,LogReg,17,1.0,0.1829095461399675,PS001
Transformer,LogReg,18,1.0,0.1801007726476552,PS001
Transformer,LogReg,19,0.0,0.3346176824920501,PS004
Transformer,LogReg,20,1.0,0.3566840042723904,PS004
Transformer,LogReg,21,1.0,0.3345030663918198,PS004
Transformer,SVM_rbf,0,0.0,0.3991302800530524,C001
Transformer,SVM_rbf,1,0.0,0.3545290978624603,C001
Transformer,SVM_rbf,2,0.0,0.3320641010789945,C001
Transformer,SVM_rbf,3,1.0,0.3459219701279733,C001
Transformer,SVM_rbf,4,0.0,0.3629974371676442,C002
Transformer,SVM_rbf,5,0.0,0.3741663417132926,C002
Transformer,SVM_rbf,6,0.0,0.367768684749819,C002
Transformer,SVM_rbf,7,1.0,0.3664506305603107,C002
Transformer,SVM_rbf,8,0.0,0.4390789142595929,C003
Transformer,SVM_rbf,9,0.0,0.3231541806951064,C003
Transformer,SVM_rbf,10,0.0,0.314294362676191,C003
Transformer,SVM_rbf,11,1.0,0.3535889261508643,C003
Transformer,SVM_rbf,12,0.0,0.366183803832422,C004
Transformer,SVM_rbf,13,0.0,0.2794569657522961,C004
Transformer,SVM_rbf,14,0.0,0.2759160072093999,C004
Transformer,SVM_rbf,15,1.0,0.4565706735770901,C004
Transformer,SVM_rbf,16,0.0,0.4560430772786203,PS001
Transformer,SVM_rbf,17,1.0,0.4315995427502707,PS001
Transformer,SVM_rbf,18,1.0,0.4262328408809126,PS001
Transformer,SVM_rbf,19,0.0,0.3538956257562991,PS004
Transformer,SVM_rbf,20,1.0,0.4011052290105669,PS004
Transformer,SVM_rbf,21,1.0,0.3535779610075209,PS004
Transformer,SVM_linear,0,0.0,0.4802765138144659,C001
Transformer,SVM_linear,1,0.0,0.2782841791610035,C001
Transformer,SVM_linear,2,0.0,0.2464491103715053,C001
Transformer,SVM_linear,3,1.0,0.2684449521203886,C001
Transformer,SVM_linear,4,0.0,0.3117277305785872,C002
Transformer,SVM_linear,5,0.0,0.3063111609346448,C002
Transformer,SVM_linear,6,0.0,0.4124433916275903,C002
Transformer,SVM_linear,7,1.0,0.3117461651621869,C002
Transformer,SVM_linear,8,0.0,0.5,C003
Transformer,SVM_linear,9,0.0,0.2300440303049961,C003
Transformer,SVM_linear,10,0.0,0.2466857953176214,C003
Transformer,SVM_linear,11,1.0,0.2200241608994197,C003
Transformer,SVM_linear,12,0.0,0.3763180463984525,C004
Transformer,SVM_linear,13,0.0,0.3384114142610666,C004
Transformer,SVM_linear,14,0.0,0.3399993424458265,C004
Transformer,SVM_linear,15,1.0,0.4406246835427487,C004
Transformer,SVM_linear,16,0.0,0.3685945071078172,PS001
Transformer,SVM_linear,17,1.0,0.3711315729960101,PS001
Transformer,SVM_linear,18,1.0,0.3715436404585435,PS001
Transformer,SVM_linear,19,0.0,0.3678575109621015,PS004
Transformer,SVM_linear,20,1.0,0.3596917713269903,PS004
Transformer,SVM_linear,21,1.0,0.3678665709122101,PS004
Transformer,RF,0,0.0,0.3192811355311355,C001
Transformer,RF,1,0.0,0.4555192307692308,C001
Transformer,RF,2,0.0,0.5568485958485959,C001
Transformer,RF,3,1.0,0.505241452991453,C001
Transformer,RF,4,0.0,0.5380238095238096,C002
Transformer,RF,5,0.0,0.4481636696636697,C002
Transformer,RF,6,0.0,0.2445268065268065,C002
Transformer,RF,7,1.0,0.4989329004329004,C002
Transformer,RF,8,0.0,0.2864761904761905,C003
Transformer,RF,9,0.0,0.5068888888888889,C003
Transformer,RF,10,0.0,0.4948055555555555,C003
Transformer,RF,11,1.0,0.5998055555555556,C003
Transformer,RF,12,0.0,0.3948974358974359,C004
Transformer,RF,13,0.0,0.537409090909091,C004
Transformer,RF,14,0.0,0.4422702020202021,C004
Transformer,RF,15,1.0,0.5583813131313132,C004
Transformer,RF,16,0.0,0.2323333333333333,PS001
Transformer,RF,17,1.0,0.2313333333333332,PS001
Transformer,RF,18,1.0,0.2613333333333333,PS001
Transformer,RF,19,0.0,0.4400882728382728,PS004
Transformer,RF,20,1.0,0.3470882728382729,PS004
Transformer,RF,21,1.0,0.4400882728382728,PS004
Raw_779,LogReg,0,0.0,0.2283847409478657,C001
Raw_779,LogReg,1,0.0,0.7458997542692657,C001
Raw_779,LogReg,2,0.0,0.8845544850572891,C001
Raw_779,LogReg,3,1.0,0.700641951912544,C001
Raw_779,LogReg,4,0.0,0.0187870238312155,C002
Raw_779,LogReg,5,0.0,0.456473578805482,C002
Raw_779,LogReg,6,0.0,0.830250272561585,C002
Raw_779,LogReg,7,1.0,0.2053604047712815,C002
Raw_779,LogReg,8,0.0,0.3701663707195647,C003
Raw_779,LogReg,9,0.0,0.7097471014068072,C003
Raw_779,LogReg,10,0.0,0.5499136422097021,C003
Raw_779,LogReg,11,1.0,0.9666603352065302,C003
Raw_779,LogReg,12,0.0,0.5360474594671066,C004
Raw_779,LogReg,13,0.0,0.2189203862250006,C004
Raw_779,LogReg,14,0.0,0.6277573381746712,C004
Raw_779,LogReg,15,1.0,0.9441234004288328,C004
Raw_779,LogReg,16,0.0,0.036774004273959,PS001
Raw_779,LogReg,17,1.0,0.0963140591695589,PS001
Raw_779,LogReg,18,1.0,0.0002466552830639,PS001
Raw_779,LogReg,19,0.0,0.0023107471630896,PS004
Raw_779,LogReg,20,1.0,0.0774943013198192,PS004
Raw_779,LogReg,21,1.0,0.0023463585548514,PS004
Raw_779,SVM_rbf,0,0.0,0.2505350247302214,C001
Raw_779,SVM_rbf,1,0.0,0.4034792343326136,C001
Raw_779,SVM_rbf,2,0.0,0.6024587476278337,C001
Raw_779,SVM_rbf,3,1.0,0.4136827785781993,C001
Raw_779,SVM_rbf,4,0.0,0.3735746678906527,C002
Raw_779,SVM_rbf,5,0.0,0.3534864110124076,C002
Raw_779,SVM_rbf,6,0.0,0.4453278625712641,C002
Raw_779,SVM_rbf,7,1.0,0.3172740118218101,C002
Raw_779,SVM_rbf,8,0.0,0.4557707074487391,C003
Raw_779,SVM_rbf,9,0.0,0.3840165056826496,C003
Raw_779,SVM_rbf,10,0.0,0.4038568020438201,C003
Raw_779,SVM_rbf,11,1.0,0.265855896797306,C003
Raw_779,SVM_rbf,12,0.0,0.4304588837224814,C004
Raw_779,SVM_rbf,13,0.0,0.5162887696560259,C004
Raw_779,SVM_rbf,14,0.0,0.430195151323207,C004
Raw_779,SVM_rbf,15,1.0,0.2656585648595195,C004
Raw_779,SVM_rbf,16,0.0,0.5,PS001
Raw_779,SVM_rbf,17,1.0,0.5,PS001
Raw_779,SVM_rbf,18,1.0,0.5,PS001
Raw_779,SVM_rbf,19,0.0,0.5078107762799784,PS004
Raw_779,SVM_rbf,20,1.0,0.5153469815732116,PS004
Raw_779,SVM_rbf,21,1.0,0.5094451674021501,PS004
Raw_779,SVM_linear,0,0.0,0.3660440973466786,C001
Raw_779,SVM_linear,1,0.0,0.3220365985647229,C001
Raw_779,SVM_linear,2,0.0,0.3025723999244929,C001
Raw_779,SVM_linear,3,1.0,0.3339426484356035,C001
Raw_779,SVM_linear,4,0.0,0.4125025634968788,C002
Raw_779,SVM_linear,5,0.0,0.353985145517258,C002
Raw_779,SVM_linear,6,0.0,0.3318091642917272,C002
Raw_779,SVM_linear,7,1.0,0.3708490224146573,C002
Raw_779,SVM_linear,8,0.0,0.3417930990377069,C003
Raw_779,SVM_linear,9,0.0,0.2913824363718413,C003
Raw_779,SVM_linear,10,0.0,0.3207075414639726,C003
Raw_779,SVM_linear,11,1.0,0.2244359658382734,C003
Raw_779,SVM_linear,12,0.0,0.3091828225377301,C004
Raw_779,SVM_linear,13,0.0,0.3746563250436132,C004
Raw_779,SVM_linear,14,0.0,0.2960494859355539,C004
Raw_779,SVM_linear,15,1.0,0.2282473075590644,C004
Raw_779,SVM_linear,16,0.0,0.3530468862062259,PS001
Raw_779,SVM_linear,17,1.0,0.3356463282399988,PS001
Raw_779,SVM_linear,18,1.0,0.4589292513984258,PS001
Raw_779,SVM_linear,19,0.0,0.0991097486328188,PS004
Raw_779,SVM_linear,20,1.0,0.2651476843399562,PS004
Raw_779,SVM_linear,21,1.0,0.0986168592808708,PS004
Raw_779,RF,0,0.0,0.31,C001
Raw_779,RF,1,0.0,0.56,C001
Raw_779,RF,2,0.0,0.67,C001
Raw_779,RF,3,1.0,0.605,C001
Raw_779,RF,4,0.0,0.21,C002
Raw_779,RF,5,0.0,0.21,C002
Raw_779,RF,6,0.0,0.4366666666666666,C002
Raw_779,RF,7,1.0,0.1866666666666666,C002
Raw_779,RF,8,0.0,0.4,C003
Raw_779,RF,9,0.0,0.48,C003
Raw_779,RF,10,0.0,0.29,C003
Raw_779,RF,11,1.0,0.7,C003
Raw_779,RF,12,0.0,0.385,C004
Raw_779,RF,13,0.0,0.3416666666666667,C004
Raw_779,RF,14,0.0,0.25,C004
Raw_779,RF,15,1.0,0.6766666666666665,C004
Raw_779,RF,16,0.0,0.32,PS001
Raw_779,RF,17,1.0,0.68,PS001
Raw_779,RF,18,1.0,0.36,PS001
Raw_779,RF,19,0.0,0.09,PS004
Raw_779,RF,20,1.0,0.29,PS004
Raw_779,RF,21,1.0,0.15,PS004
Multiomics_15,LogReg,0,0.0,0.3323996010967407,C001
Multiomics_15,LogReg,1,0.0,0.5688491224832158,C001
Multiomics_15,LogReg,2,0.0,0.5630922931218026,C001
Multiomics_15,LogReg,3,1.0,0.5566379691886455,C001
Multiomics_15,LogReg,4,0.0,0.175212093045811,C002
Multiomics_15,LogReg,5,0.0,0.2748463544833818,C002
Multiomics_15,LogReg,6,0.0,0.6306820508377415,C002
Multiomics_15,LogReg,7,1.0,0.3286880724050531,C002
Multiomics_15,LogReg,8,0.0,0.6558500923525707,C003
Multiomics_15,LogReg,9,0.0,0.63723068587135,C003
Multiomics_15,LogReg,10,0.0,0.4124460565263249,C003
Multiomics_15,LogReg,11,1.0,0.8955336939863969,C003
Multiomics_15,LogReg,12,0.0,0.5245946105722993,C004
Multiomics_15,LogReg,13,0.0,0.4015698827091679,C004
Multiomics_15,LogReg,14,0.0,0.4292941303492485,C004
Multiomics_15,LogReg,15,1.0,0.6446724305710958,C004
Multiomics_15,LogReg,16,0.0,0.4789072415255681,PS001
Multiomics_15,LogReg,17,1.0,0.7350554996352464,PS001
Multiomics_15,LogReg,18,1.0,0.099106137327821,PS001
Multiomics_15,LogReg,19,0.0,0.1328992272543039,PS004
Multiomics_15,LogReg,20,1.0,0.5224682779276351,PS004
Multiomics_15,LogReg,21,1.0,0.1419574605649611,PS004
Multiomics_15,SVM_rbf,0,0.0,0.2501228679523002,C001
Multiomics_15,SVM_rbf,1,0.0,0.3611124678669501,C001
Multiomics_15,SVM_rbf,2,0.0,0.4629079256351975,C001
Multiomics_15,SVM_rbf,3,1.0,0.4713803698479434,C001
Multiomics_15,SVM_rbf,4,0.0,0.5520968926388542,C002
Multiomics_15,SVM_rbf,5,0.0,0.4855626827666937,C002
Multiomics_15,SVM_rbf,6,0.0,0.6081024504260385,C002
Multiomics_15,SVM_rbf,7,1.0,0.2771812289670206,C002
Multiomics_15,SVM_rbf,8,0.0,0.3295377898323188,C003
Multiomics_15,SVM_rbf,9,0.0,0.3463871107667627,C003
Multiomics_15,SVM_rbf,10,0.0,0.4571583947659372,C003
Multiomics_15,SVM_rbf,11,1.0,0.2625708534562016,C003
Multiomics_15,SVM_rbf,12,0.0,0.382569362949247,C004
Multiomics_15,SVM_rbf,13,0.0,0.606170850239569,C004
Multiomics_15,SVM_rbf,14,0.0,0.3185812165577414,C004
Multiomics_15,SVM_rbf,15,1.0,0.2207618108573519,C004
Multiomics_15,SVM_rbf,16,0.0,0.3111651445795604,PS001
Multiomics_15,SVM_rbf,17,1.0,0.2962268144583974,PS001
Multiomics_15,SVM_rbf,18,1.0,0.3021517503748806,PS001
Multiomics_15,SVM_rbf,19,0.0,0.3155131109191511,PS004
Multiomics_15,SVM_rbf,20,1.0,0.3982127877567057,PS004
Multiomics_15,SVM_rbf,21,1.0,0.2707357544900727,PS004
Multiomics_15,SVM_linear,0,0.0,0.3852592981152383,C001
Multiomics_15,SVM_linear,1,0.0,0.3963856339073615,C001
Multiomics_15,SVM_linear,2,0.0,0.3981981270606259,C001
Multiomics_15,SVM_linear,3,1.0,0.3978407053538089,C001
Multiomics_15,SVM_linear,4,0.0,0.3644362652987663,C002
Multiomics_15,SVM_linear,5,0.0,0.3743390499857814,C002
Multiomics_15,SVM_linear,6,0.0,0.4287404433408578,C002
Multiomics_15,SVM_linear,7,1.0,0.3834918513996361,C002
Multiomics_15,SVM_linear,8,0.0,0.3949961243645769,C003
Multiomics_15,SVM_linear,9,0.0,0.3947155229689823,C003
Multiomics_15,SVM_linear,10,0.0,0.3931230162122909,C003
Multiomics_15,SVM_linear,11,1.0,0.398130508197503,C003
Multiomics_15,SVM_linear,12,0.0,0.2288956461199289,C004
Multiomics_15,SVM_linear,13,0.0,0.5,C004
Multiomics_15,SVM_linear,14,0.0,0.2876150658210913,C004
Multiomics_15,SVM_linear,15,1.0,0.2025305246094717,C004
Multiomics_15,SVM_linear,16,0.0,0.2984889439557504,PS001
Multiomics_15,SVM_linear,17,1.0,0.2515509356241716,PS001
Multiomics_15,SVM_linear,18,1.0,0.4782870593621637,PS001
Multiomics_15,SVM_linear,19,0.0,0.2692640551560716,PS004
Multiomics_15,SVM_linear,20,1.0,0.3582687381743128,PS004
Multiomics_15,SVM_linear,21,1.0,0.2612692091713831,PS004
Multiomics_15,RF,0,0.0,0.2298065268065268,C001
Multiomics_15,RF,1,0.0,0.2443822843822843,C001
Multiomics_15,RF,2,0.0,0.6612307692307692,C001
Multiomics_15,RF,3,1.0,0.4626398601398601,C001
Multiomics_15,RF,4,0.0,0.2409207459207459,C002
Multiomics_15,RF,5,0.0,0.2456985236985236,C002
Multiomics_15,RF,6,0.0,0.3879292929292929,C002
Multiomics_15,RF,7,1.0,0.1549128094128094,C002
Multiomics_15,RF,8,0.0,0.5271355311355311,C003
Multiomics_15,RF,9,0.0,0.5433974358974357,C003
Multiomics_15,RF,10,0.0,0.484,C003
Multiomics_15,RF,11,1.0,0.6958974358974358,C003
Multiomics_15,RF,12,0.0,0.4337570762570762,C004
Multiomics_15,RF,13,0.0,0.3418609723609724,C004
Multiomics_15,RF,14,0.0,0.3775904095904097,C004
Multiomics_15,RF,15,1.0,0.5447261904761905,C004
Multiomics_15,RF,16,0.0,0.5043571428571428,PS001
Multiomics_15,RF,17,1.0,0.6431349206349206,PS001
Multiomics_15,RF,18,1.0,0.3357777777777778,PS001
Multiomics_15,RF,19,0.0,0.2816666666666666,PS004
Multiomics_15,RF,20,1.0,0.5646666666666667,PS004
Multiomics_15,RF,21,1.0,0.2158333333333333,PS004
Ensemble_concat,LogReg,0,0.0,0.22548638252124953,C001
Ensemble_concat,LogReg,1,0.0,0.5191863109791915,C001
Ensemble_concat,LogReg,2,0.0,0.4236861702075357,C001
Ensemble_concat,LogReg,3,1.0,0.529497897417202,C001
Ensemble_concat,LogReg,4,0.0,0.4632147756332136,C002
Ensemble_concat,LogReg,5,0.0,0.4072105636192619,C002
Ensemble_concat,LogReg,6,0.0,0.30564530951561186,C002
Ensemble_concat,LogReg,7,1.0,0.42404906159355976,C002
Ensemble_concat,LogReg,8,0.0,0.23548483933842573,C003
Ensemble_concat,LogReg,9,0.0,0.45112277553648333,C003
Ensemble_concat,LogReg,10,0.0,0.5634480133650308,C003
Ensemble_concat,LogReg,11,1.0,0.4136444988129879,C003
Ensemble_concat,LogReg,12,0.0,0.40556704622983125,C004
Ensemble_concat,LogReg,13,0.0,0.44496127317326045,C004
Ensemble_concat,LogReg,14,0.0,0.4199977081830474,C004
Ensemble_concat,LogReg,15,1.0,0.2643789306144633,C004
Ensemble_concat,LogReg,16,0.0,0.2190873899628376,PS001
Ensemble_concat,LogReg,17,1.0,0.22997167192028095,PS001
Ensemble_concat,LogReg,18,1.0,0.31371551048772034,PS001
Ensemble_concat,LogReg,19,0.0,0.042692466135687494,PS004
Ensemble_concat,LogReg,20,1.0,0.32627074199786216,PS004
Ensemble_concat,LogReg,21,1.0,0.04371422547370503,PS004
Ensemble_concat,SVM_rbf,0,0.0,0.3993493974539164,C001
Ensemble_concat,SVM_rbf,1,0.0,0.422361362665072,C001
Ensemble_concat,SVM_rbf,2,0.0,0.3799059124139545,C001
Ensemble_concat,SVM_rbf,3,1.0,0.4099036593109402,C001
Ensemble_concat,SVM_rbf,4,0.0,0.35942314737229136,C002
Ensemble_concat,SVM_rbf,5,0.0,0.3900204056592985,C002
Ensemble_concat,SVM_rbf,6,0.0,0.3729158035395174,C002
Ensemble_concat,SVM_rbf,7,1.0,0.3746830066857506,C002
Ensemble_concat,SVM_rbf,8,0.0,0.42794115155519286,C003
Ensemble_concat,SVM_rbf,9,0.0,0.38043436006202636,C003
Ensemble_concat,SVM_rbf,10,0.0,0.35193655164516013,C003
Ensemble_concat,SVM_rbf,11,1.0,0.343528228738253,C003
Ensemble_concat,SVM_rbf,12,0.0,0.45550302277560134,C004
Ensemble_concat,SVM_rbf,13,0.0,0.43082009885048017,C004
Ensemble_concat,SVM_rbf,14,0.0,0.4635735417381895,C004
Ensemble_concat,SVM_rbf,15,1.0,0.3983643365387776,C004
Ensemble_concat,SVM_rbf,16,0.0,0.34985477103785717,PS001
Ensemble_concat,SVM_rbf,17,1.0,0.24016304254010476,PS001
Ensemble_concat,SVM_rbf,18,1.0,0.251460967524197,PS001
Ensemble_concat,SVM_rbf,19,0.0,0.3483398105576034,PS004
Ensemble_concat,SVM_rbf,20,1.0,0.26672532389952747,PS004
Ensemble_concat,SVM_rbf,21,1.0,0.34884511479604124,PS004
Ensemble_concat,SVM_linear,0,0.0,0.4119942244418378,C001
Ensemble_concat,SVM_linear,1,0.0,0.3865486294200648,C001
Ensemble_concat,SVM_linear,2,0.0,0.4037331178171897,C001
Ensemble_concat,SVM_linear,3,1.0,0.3876232745917338,C001
Ensemble_concat,SVM_linear,4,0.0,0.39308811959140244,C002
Ensemble_concat,SVM_linear,5,0.0,0.3933903241397244,C002
Ensemble_concat,SVM_linear,6,0.0,0.39455498767227715,C002
Ensemble_concat,SVM_linear,7,1.0,0.3933856139985858,C002
Ensemble_concat,SVM_linear,8,0.0,0.5,C003
Ensemble_concat,SVM_linear,9,0.0,0.3687093328752036,C003
Ensemble_concat,SVM_linear,10,0.0,0.3053598613226532,C003
Ensemble_concat,SVM_linear,11,1.0,0.3724997513599348,C003
Ensemble_concat,SVM_linear,12,0.0,0.3902569624929775,C004
Ensemble_concat,SVM_linear,13,0.0,0.3683613310568027,C004
Ensemble_concat,SVM_linear,14,0.0,0.3803314186940905,C004
Ensemble_concat,SVM_linear,15,1.0,0.5238293124581416,C004
Ensemble_concat,SVM_linear,16,0.0,0.4617980014039722,PS001
Ensemble_concat,SVM_linear,17,1.0,0.45133968626800575,PS001
Ensemble_concat,SVM_linear,18,1.0,0.39332493048439865,PS001
Ensemble_concat,SVM_linear,19,0.0,0.07806663437040792,PS004
Ensemble_concat,SVM_linear,20,1.0,0.27729734861723465,PS004
Ensemble_concat,SVM_linear,21,1.0,0.08035283963943408,PS004
Ensemble_concat,RF,0,0.0,0.215,C001
Ensemble_concat,RF,1,0.0,0.5426666666666666,C001
Ensemble_concat,RF,2,0.0,0.4255,C001
Ensemble_concat,RF,3,1.0,0.5734999999999999,C001
Ensemble_concat,RF,4,0.0,0.27979797979797977,C002
Ensemble_concat,RF,5,0.0,0.16868686868686866,C002
Ensemble_concat,RF,6,0.0,0.1975,C002
Ensemble_concat,RF,7,1.0,0.3597979797979798,C002
Ensemble_concat,RF,8,0.0,0.3555,C003
Ensemble_concat,RF,9,0.0,0.2816666666666667,C003
Ensemble_concat,RF,10,0.0,0.4391666666666667,C003
Ensemble_concat,RF,11,1.0,0.36,C003
Ensemble_concat,RF,12,0.0,0.3824285714285714,C004
Ensemble_concat,RF,13,0.0,0.44,C004
Ensemble_concat,RF,14,0.0,0.3466666666666666,C004
Ensemble_concat,RF,15,1.0,0.47900000000000004,C004
Ensemble_concat,RF,16,0.0,0.3891666666666667,PS001
Ensemble_concat,RF,17,1.0,0.40416666666666673,PS001
Ensemble_concat,RF,18,1.0,0.41416666666666674,PS001
Ensemble_concat,RF,19,0.0,0.5092857142857143,PS004
Ensemble_concat,RF,20,1.0,0.3642857142857143,PS004
Ensemble_concat,RF,21,1.0,0.5092857142857143,PS004
Ensemble_avg,DAE_RF+TFL_SVMrbf,0,0.0,0.36706514002652624,C001
Ensemble_avg,DAE_RF+TFL_SVMrbf,1,0.0,0.3970802054968867,C001
Ensemble_avg,DAE_RF+TFL_SVMrbf,2,0.0,0.3826987172061639,C001
Ensemble_avg,DAE_RF+TFL_SVMrbf,3,1.0,0.4519433082963099,C001
Ensemble_avg,DAE_RF+TFL_SVMrbf,4,0.0,0.37876062334572685,C002
Ensemble_avg,DAE_RF+TFL_SVMrbf,5,0.0,0.26313295440642986,C002
Ensemble_avg,DAE_RF+TFL_SVMrbf,6,0.0,0.2743388878294549,C002
Ensemble_avg,DAE_RF+TFL_SVMrbf,7,1.0,0.3628086486134887,C002
Ensemble_avg,DAE_RF+TFL_SVMrbf,8,0.0,0.4457061237964631,C003
Ensemble_avg,DAE_RF+TFL_SVMrbf,9,0.0,0.2390770903475532,C003
Ensemble_avg,DAE_RF+TFL_SVMrbf,10,0.0,0.3483971813380955,C003
Ensemble_avg,DAE_RF+TFL_SVMrbf,11,1.0,0.3409611297420988,C003
Ensemble_avg,DAE_RF+TFL_SVMrbf,12,0.0,0.31660380667811583,C004
Ensemble_avg,DAE_RF+TFL_SVMrbf,13,0.0,0.34389514954281475,C004
Ensemble_avg,DAE_RF+TFL_SVMrbf,14,0.0,0.22962467027136663,C004
Ensemble_avg,DAE_RF+TFL_SVMrbf,15,1.0,0.4903686701218784,C004
Ensemble_avg,DAE_RF+TFL_SVMrbf,16,0.0,0.4299263005440721,PS001
Ensemble_avg,DAE_RF+TFL_SVMrbf,17,1.0,0.4364545332798973,PS001
Ensemble_avg,DAE_RF+TFL_SVMrbf,18,1.0,0.4387711823452183,PS001
Ensemble_avg,DAE_RF+TFL_SVMrbf,19,0.0,0.41819781287814956,PS004
Ensemble_avg,DAE_RF+TFL_SVMrbf,20,1.0,0.35230261450528344,PS004
Ensemble_avg,DAE_RF+TFL_SVMrbf,21,1.0,0.4180389805037604,PS004
