feature_space,target,model,r_pearson,r2,p_value,perm_null_mean,perm_null_std
DAE,CALCIUM,Ridge,-0.29594060572600933,-1.6720296866488011,0.1,-0.07186358274447847,0.17956148072856462
DAE,CALCIUM,SVR_lin,-0.31643550914552093,-0.7081676491124511,0.07,-0.09733359647299719,0.1553835107983427
DAE,CALCIUM,SVR_rbf,0.038161759607796414,-0.0849210994571159,0.92,-0.24688508004095983,0.21510352597084337
DAE,CALCIUM,RF,-0.36593838885146646,-0.26097751224851673,0.17,-0.2247739650840905,0.1461107681376508
DAE,POTASSIUM,Ridge,-0.5240600338253811,-2.212703589482311,0.12,-0.1945599240662443,0.3032033706695912
DAE,POTASSIUM,SVR_lin,-0.5825680398948507,-2.1400041455561785,0.12,-0.1810799189888521,0.3469953099360844
DAE,POTASSIUM,SVR_rbf,-0.4758147202318664,-0.5429363294918417,0.72,-0.5564498980437197,0.13797716803115842
DAE,POTASSIUM,RF,-0.7479773890956557,-0.7429312748483918,0.11,-0.5429644132970473,0.15782198394347832
DAE,SODIUM,Ridge,0.20394410232646135,-0.383451219567549,0.45,-0.05366607579925563,0.25360628889038367
DAE,SODIUM,SVR_lin,0.29890217719641055,0.08257078548532104,0.49,-0.2078491687190724,0.25962450140588156
DAE,SODIUM,SVR_rbf,-0.4307967451099945,-0.3278549678810383,0.54,-0.42357069676974923,0.10118175452287319
DAE,SODIUM,RF,-0.2450989967699577,-0.2539383059268261,0.52,-0.1875550091477643,0.22128807260005776
DAE,HEMOGLOBIN,Ridge,-0.38976467404896975,-1.1133977613032178,0.36,-0.3092436853240737,0.18391553929434346
DAE,HEMOGLOBIN,SVR_lin,-0.5793936857248485,-0.6927611467012682,0.36,-0.5039725724976782,0.15468041555573925
DAE,HEMOGLOBIN,SVR_rbf,-0.9153168426434035,-0.617264841530619,0.05,-0.8219413168122736,0.06049340485332078
DAE,HEMOGLOBIN,RF,-0.7376835820974597,-1.012114293258794,0.63,-0.7486790816936068,0.10798622120614523
VAE,CALCIUM,Ridge,-0.10241766244056703,-0.6918268245466774,0.59,-0.051767155227584516,0.163806756616529
VAE,CALCIUM,SVR_lin,-0.2798771349879686,-0.6326299801286042,0.16,-0.07985627583785888,0.17739674080182932
VAE,CALCIUM,SVR_rbf,-0.05662982642977976,-0.578351360264268,0.85,-0.21075143541660477,0.21660661813634938
VAE,CALCIUM,RF,-0.23140592936994875,-0.48085591481187495,0.38,-0.11812956586301471,0.21044385107889213
VAE,POTASSIUM,Ridge,-0.1364575187725754,-14.77965508295655,0.27,-0.089994384031199,0.1289989163762667
VAE,POTASSIUM,SVR_lin,-0.0695668351011528,-20.817287494439906,0.74,-0.14405866694389022,0.11656742387121544
VAE,POTASSIUM,SVR_rbf,-0.72026852426437,-1.3577406461012518,0.19,-0.5137969468995319,0.21855234045096222
VAE,POTASSIUM,RF,-0.6379618151840057,-1.3749437949496297,0.28,-0.46628987953975853,0.24097189097601335
VAE,SODIUM,Ridge,-0.04069257548783198,-8.817358855158112,0.73,-0.04692136293234865,0.10435734098546873
VAE,SODIUM,SVR_lin,-0.14612483265640763,-1.4016336599195127,0.45,-0.14937716320098196,0.11312168452849357
VAE,SODIUM,SVR_rbf,-0.5092857801833857,-0.5333223136321843,0.06,-0.39981759912244436,0.08828869690813591
VAE,SODIUM,RF,-0.11816703339027398,-0.14967409813663113,0.71,-0.20996060600897923,0.2102188342732426
VAE,HEMOGLOBIN,Ridge,-0.200222210839885,-4.295088050526266,0.68,-0.19492554846309798,0.26984386400679794
VAE,HEMOGLOBIN,SVR_lin,-0.9295253217511728,-1.8477588926176853,0.0,-0.3211874469326795,0.2581527240859117
VAE,HEMOGLOBIN,SVR_rbf,-0.8583183818929228,-1.6611194432406085,0.24,-0.7773788062555611,0.11844467798175039
VAE,HEMOGLOBIN,RF,-0.8104697836287905,-1.6265323469081543,0.26,-0.7149071536271159,0.1332093684448425
Transformer,CALCIUM,Ridge,-0.08079014389571842,-1.0923491771992175,0.6,-0.07375923563970176,0.16670589872868238
Transformer,CALCIUM,SVR_lin,-0.10878921142771955,-0.7554075954723452,0.55,-0.13530130543720228,0.15757125312830506
Transformer,CALCIUM,SVR_rbf,-0.37726561827280203,-0.3204938252246674,0.43,-0.2957649504857791,0.2136939696740993
Transformer,CALCIUM,RF,-0.2508469137969592,-0.43431217964114555,0.5,-0.2146433944866639,0.19676271078366178
Transformer,POTASSIUM,Ridge,-0.19685876249700685,-1.094809909800265,0.64,-0.23970598961374193,0.27513293438057873
Transformer,POTASSIUM,SVR_lin,-0.21649453434594804,-0.8770216814670142,0.62,-0.2871075289274299,0.29095432951107075
Transformer,POTASSIUM,SVR_rbf,-0.8011500591516572,-0.8071515612623583,0.06,-0.6589454091783798,0.12777575174515113
Transformer,POTASSIUM,RF,-0.5867424044885232,-0.7148739437593898,0.49,-0.5492793623318841,0.1586566839228719
Transformer,SODIUM,Ridge,-0.3458655625931303,-3.026779647249426,0.15,-0.11463040759824569,0.2000285603720452
Transformer,SODIUM,SVR_lin,-0.24511709085446914,-0.5426631329603726,0.48,-0.20492783309234533,0.20710859916571728
Transformer,SODIUM,SVR_rbf,-0.4471142379337706,-0.19053545104262537,0.42,-0.42140764869608255,0.07603051119133802
Transformer,SODIUM,RF,-0.025848903732986844,-0.058711163248777565,0.96,-0.21410935543072146,0.1627277397141804
Transformer,HEMOGLOBIN,Ridge,-0.5106137243245544,-2.7448213868234035,0.3,-0.3779937295667139,0.21895222369954498
Transformer,HEMOGLOBIN,SVR_lin,-0.5372946786560341,-1.434129406794252,0.58,-0.553524147493307,0.16591990264105985
Transformer,HEMOGLOBIN,SVR_rbf,-0.9287749650552746,-0.8807374557608423,0.14,-0.8285561866643978,0.0938745961695722
Transformer,HEMOGLOBIN,RF,-0.7545172988735609,-1.5178092088937198,0.48,-0.7230176998038398,0.1150305114408073
Raw_779,CALCIUM,Ridge,-0.24145731996157727,-0.4908238805809091,,,
Raw_779,CALCIUM,SVR_lin,-0.21979550034685796,-0.3542460340153555,,,
Raw_779,CALCIUM,SVR_rbf,-0.5611662054090253,-0.24816964997918656,,,
Raw_779,CALCIUM,RF,-0.3237163301628322,-0.2843453339243529,,,
Raw_779,POTASSIUM,Ridge,-0.44003797896751645,-0.6552930521098008,,,
Raw_779,POTASSIUM,SVR_lin,-0.4834987129032516,-0.6671461711570221,,,
Raw_779,POTASSIUM,SVR_rbf,-0.6809929608912697,-0.5424709436778725,,,
Raw_779,POTASSIUM,RF,-0.48074904924641976,-0.4126364040793338,,,
Raw_779,SODIUM,Ridge,0.4099613915942657,0.12414041158095002,,,
Raw_779,SODIUM,SVR_lin,0.3967370380980756,0.11353011640421906,,,
Raw_779,SODIUM,SVR_rbf,-0.48095945494055936,-0.35017704559502527,,,
Raw_779,SODIUM,RF,-0.2645696231974942,-0.27399693533144176,,,
Raw_779,HEMOGLOBIN,Ridge,-0.8257616525140347,-0.9515909357925665,,,
Raw_779,HEMOGLOBIN,SVR_lin,-0.8382348432466067,-0.9483083827828067,,,
Raw_779,HEMOGLOBIN,SVR_rbf,-0.8822228612995091,-0.7258498726705145,,,
Raw_779,HEMOGLOBIN,RF,-0.8187648677874337,-1.0657727515458313,,,
Multiomics_15,CALCIUM,Ridge,0.04354570916477944,-0.7258006970303548,,,
Multiomics_15,CALCIUM,SVR_lin,0.06186741032326448,-0.6466495371660441,,,
Multiomics_15,CALCIUM,SVR_rbf,-0.37185476697984426,-0.6621217887789987,,,
Multiomics_15,CALCIUM,RF,0.3342977508399193,0.0771382325318436,,,
Multiomics_15,POTASSIUM,Ridge,-0.5672748571653985,-1.417583623035501,,,
Multiomics_15,POTASSIUM,SVR_lin,-0.6594757261544901,-1.0523693327602066,,,
Multiomics_15,POTASSIUM,SVR_rbf,-0.48077227727923133,-1.0003593424854684,,,
Multiomics_15,POTASSIUM,RF,-0.2782632192349567,-0.4269449203342217,,,
Multiomics_15,SODIUM,Ridge,0.5633116628278766,0.0005522011403352733,,,
Multiomics_15,SODIUM,SVR_lin,0.45919067150913906,0.1945371892737252,,,
Multiomics_15,SODIUM,SVR_rbf,-0.36736872067952353,-0.22568422533687849,,,
Multiomics_15,SODIUM,RF,0.021614723025163846,-0.08032213689753087,,,
Multiomics_15,HEMOGLOBIN,Ridge,-0.021383980937198097,-0.49594020116925663,,,
Multiomics_15,HEMOGLOBIN,SVR_lin,-0.0322866926643883,-0.2812549355646219,,,
Multiomics_15,HEMOGLOBIN,SVR_rbf,-0.80279042602658,-0.9201684770736291,,,
Multiomics_15,HEMOGLOBIN,RF,-0.6915477034361022,-0.6718041638762895,,,
