feature_space,target,model,r_pearson,r_spearman,r2,mae,perm_p_value,perm_null_r_mean,perm_null_r_std
latent,CALCIUM,Ridge,-0.29594060572600933,-0.15964736947470834,-1.6720296866488011,0.446329253506618,0.109,-0.06969263878559304,0.1765188398212749
latent,CALCIUM,SVR_linear,-0.31643550914552093,-0.24390570336413775,-0.7081676491124511,0.3810632113924527,0.096,-0.08923644150119457,0.1702629861261992
latent,CALCIUM,SVR_rbf,0.038161759607796414,-0.020695029376351082,-0.0849210994571159,0.3262242245635021,0.921,-0.2237603682999023,0.18432454933643053
latent,CALCIUM,RandomForest,-0.36593838885146646,-0.3872926926145702,-0.26097751224851673,0.3452000000000004,0.143,-0.19302445945094512,0.16168725908304815
latent,POTASSIUM,Ridge,-0.5240600338253811,-0.4852155950394296,-2.212703589482311,0.5493297446693192,0.168,-0.14995691512937737,0.33779096186972507
latent,POTASSIUM,SVR_linear,-0.5825680398948507,-0.4866949108779645,-2.1400041455561785,0.5330150784521861,0.168,-0.2345178170364731,0.34133309807285445
latent,POTASSIUM,SVR_rbf,-0.4758147202318664,-0.4926121742321039,-0.5429363294918417,0.41897862274891107,0.79,-0.5713073389409007,0.1239279604097093
latent,POTASSIUM,RandomForest,-0.7479773890956557,-0.7189474975279354,-0.7429312748483918,0.41341592261904747,0.077,-0.5333437838335485,0.16732546611126678
latent,SODIUM,Ridge,0.20394410232646135,0.11301818103162639,-0.383451219567549,1.836588538047483,0.578,-0.041716187379992095,0.284135513454859
latent,SODIUM,SVR_linear,0.29890217719641055,0.37325741367023985,0.08257078548532104,1.5168225312969952,0.442,-0.18564551401241838,0.25337474359483264
latent,SODIUM,SVR_rbf,-0.4307967451099945,-0.3063387538488821,-0.3278549678810383,1.8419828485552987,0.428,-0.41171875148334175,0.09896454808607988
latent,SODIUM,RandomForest,-0.2450989967699577,-0.1427598076188965,-0.2539383059268261,1.7590624999999989,0.457,-0.18746580167308186,0.22024515024541286
latent,HEMOGLOBIN,Ridge,-0.38976467404896975,-0.25581436281656716,-1.1133977613032178,2.0417650936712195,0.271,-0.25673433346361607,0.2084966816417978
latent,HEMOGLOBIN,SVR_linear,-0.5793936857248485,-0.5724517209881224,-0.6927611467012682,1.919982132356345,0.344,-0.512225523529866,0.1637431758234031
latent,HEMOGLOBIN,SVR_rbf,-0.9153168426434035,-0.8998225489282048,-0.617264841530619,1.8212183415589,0.042,-0.8205039635449449,0.06333433048048288
latent,HEMOGLOBIN,RandomForest,-0.7376835820974597,-0.7119868279789773,-1.012114293258794,1.9039346031746003,0.521,-0.7294690146629869,0.10346180192098939
raw,CALCIUM,Ridge,-0.24145731996157727,-0.2217324576037616,-0.4908238805809091,0.3647540980339986,0.392,-0.18260529961277286,0.1619015500141509
raw,CALCIUM,SVR_linear,-0.21979550034685796,-0.24242748698011268,-0.3542460340153555,0.34620157990892475,0.46,-0.20259055158187203,0.15440787601374906
raw,CALCIUM,SVR_rbf,-0.5611662054090253,-0.5572875767774542,-0.24816964997918656,0.33287681368449096,0.046,-0.3563790089303417,0.14242442126561244
raw,CALCIUM,RandomForest,-0.3237163301628322,-0.3503372830139433,-0.2843453339243529,0.3290875000000004,0.38,-0.275996599497241,0.15394990464397454
raw,POTASSIUM,Ridge,-0.44003797896751645,-0.3964566447273389,-0.6552930521098008,0.43022611298328983,0.534,-0.4525969352287117,0.16001504287189086
raw,POTASSIUM,SVR_linear,-0.4834987129032516,-0.4408361198833842,-0.6671461711570221,0.4346447320548462,0.616,-0.5160767360819061,0.15234498761971535
raw,POTASSIUM,SVR_rbf,-0.6809929608912697,-0.6420230739241234,-0.5424709436778725,0.407315204620013,0.794,-0.7387465879787226,0.06288296359104248
raw,POTASSIUM,RandomForest,-0.48074904924641976,-0.48373627920089485,-0.4126364040793338,0.39088437499999895,0.816,-0.5880988407658124,0.11927867086462303
raw,SODIUM,Ridge,0.4099613915942657,0.3420287057536062,0.12414041158095002,1.459696597873556,0.128,-0.20316652751322128,0.1874660481347117
raw,SODIUM,SVR_linear,0.3967370380980756,0.35689951904724126,0.11353011640421906,1.4677017168984463,0.104,-0.17285115227983475,0.18825328509542558
raw,SODIUM,SVR_rbf,-0.48095945494055936,-0.39407655228132893,-0.35017704559502527,1.8627520075626016,0.32,-0.4482583765703453,0.06879594457459887
raw,SODIUM,RandomForest,-0.2645696231974942,-0.294442103213974,-0.27399693533144176,1.7658854166666647,0.428,-0.2405009248731302,0.14710942571110885
raw,HEMOGLOBIN,Ridge,-0.8257616525140347,-0.7889100279867562,-0.9515909357925665,1.9680107708435932,0.05,-0.6391985811943466,0.1342902262664147
raw,HEMOGLOBIN,SVR_linear,-0.8382348432466067,-0.792487851242932,-0.9483083827828067,1.9625279860770377,0.05,-0.6537460020371483,0.1284281751296371
raw,HEMOGLOBIN,SVR_rbf,-0.8822228612995091,-0.8962447256720292,-0.7258498726705145,1.9020117550448359,0.27,-0.8582656467697618,0.03491462471377701
raw,HEMOGLOBIN,RandomForest,-0.8187648677874337,-0.6601083907644286,-1.0657727515458313,2.036196349206343,0.362,-0.7820802912170461,0.0885385857584811
