Name,Term,ES,NES,NOM p-val,FDR q-val,FWER p-val,Tag %,Gene %,Lead_genes,omics,comparison
prerank,KEGG_hsa00190,-0.430750330266855,-1.630929449937491,0.0019455252918287,0.1297492115933323,0.087087087087087,31/106,19.11%,UQCR11;ATP6V0C;NDUFB2;ATP5F1E;NDUFA3;NDUFS5;LHPP;COX6B1;SDHA;NDUFB7;NDUFS6;NDUFA13;NDUFB11;COX4I1;UQCRH;COX5B;COX7A2;UQCRC2;UQCRHL;COX7C;NDUFC2;COXFA4L2;ATP5PO;PPA1;NDUFA9;ATP5F1D;NDUFA2;NDUFA11;NDUFV1;ATP5F1A;NDUFA7,RNA-seq,I4-FP1
prerank,MINERAL_Iron,-0.4922284547922137,-1.5263756141467175,0.0366598778004073,0.1473194173299294,0.1851851851851851,7/35,7.87%,ALAS2;GLRX5;SLC25A37;ISCA1;NCOA4;BOLA3;IBA57,RNA-seq,I4-FP1
prerank,KEGG_hsa04216,0.4206757033618352,1.3669812862383512,0.0519480519480519,0.3097303264469326,0.381,8/38,11.14%,SAT1;ACSL1;SLC11A2;ALOX15;ACSL3;GCLM;MAP1LC3A;CYBB,RNA-seq,I4-FP1
prerank,MINERAL_Copper,-0.4584870554813792,-1.2395669935105118,0.2228796844181459,0.5311608349602043,0.6616616616616616,6/19,10.55%,SOD1;XIAP;SLC31A1;CCS;ATOX1;LOXL3,RNA-seq,I4-FP1
prerank,KEGG_hsa04976,-0.3771169184863341,-1.21382263124342,0.1854043392504931,0.4453371377083646,0.7047047047047047,14/42,16.79%,SLC2A1;ATP1A1;ATP1B2;NCEH1;ADCY9;AQP1;RXRA;PRKACA;SCARB1;SLC51A;UGT2A1;SULT2A1;CA2;ABCB4,RNA-seq,I4-FP1
prerank,MINERAL_Selenium,-0.4326053636977732,-1.1597776319998403,0.282565130260521,0.4460129148520799,0.7827827827827828,5/19,14.78%,GPX1;SELENOK;TXNRD2;SELENOW;GPX4,RNA-seq,I4-FP1
prerank,MINERAL_Zinc,-0.3693836156240497,-1.0222817544779572,0.428,0.619687640786905,0.921921921921922,8/23,18.69%,MT2A;SLC30A4;MT3;SLC39A4;SLC39A9;MT1H;SLC39A11;MT1E,RNA-seq,I4-FP1
prerank,MINERAL_Sodium,0.2723299377688353,0.8700953078008791,0.6431623931623932,1.0,0.992,13/34,25.89%,SLC4A5;SLC9A3;SLC12A2;ATP1A3;SLC9B1;SLC12A8;FXYD2;ATP1B3;SLC9A7;SLC4A10;SLC9A6;SLC12A9;SLC4A7,RNA-seq,I4-FP1
prerank,KEGG_hsa04978,-0.2792628340414351,-0.8647624850715956,0.6646825396825397,0.8613262394610945,0.991991991991992,11/39,18.82%,MT2A;ATP1A1;ATP1B2;SLC31A1;SLC39A4;ATOX1;MT1H;CYBRD1;SLC6A19;MT1E;TRPM6,RNA-seq,I4-FP1
prerank,KEGG_hsa04020,-0.2108851882938192,-0.8305786353943384,0.8203266787658802,0.8161698453221204,0.991991991991992,43/149,24.75%,PDGFA;MCOLN1;GNA11;CACNA1D;ADCY9;FGFR1;NFATC2;OXTR;MYLK4;EGF;MST1;PPP3R1;PRKACA;GRIN3B;CACNA1F;NFATC3;STIM1;SLC25A6;TFEB;PTGER3;PTGFR;CAMK2D;TPCN2;PLCD3;VEGFA;ADORA2A;ITPKB;FGF5;NTSR1;PPP3CA;PRKCB;VEGFC;PDGFRA;PLN;ATP2B1;TPCN1;CAMK1D;PLCB4;RET;ADCY4;CALM3;VDAC3;PLCB2,RNA-seq,I4-FP1
prerank,MINERAL_Calcium,-0.2211269993983486,-0.7406355441891932,0.8996212121212122,0.8591869918699186,0.997,16/54,25.53%,CACNA1D;TRPV4;HPCAL1;PPP3R1;CACNA1F;CAMK2D;PPP3CA;S100A4;ATP2B1;S100A8;PLCB4;CALCRL;CALM3;PLCB2;S100B;TNFRSF11A,RNA-seq,I4-FP1
prerank,MINERAL_Potassium,0.2097143850041188,0.638189946766431,0.942084942084942,0.9627818956000632,1.0,9/30,23.66%,KCND1;KCNK10;KCNQ2;KCNK1;KCNN3;SLC24A4;KCNJ15;KCNMA1;KCNJ2,RNA-seq,I4-FP1
prerank,MINERAL_Calcium,-0.4170832425051862,-1.4626849099813986,0.0330434782608695,0.4029054254372962,0.253,22/56,24.63%,CACNA1D;S100A8;CAMK2D;TNFRSF11A;SLC8A3;ATP2A2;CACNA1A;CALCRL;ATP2B1;PPP3R1;PLCG2;CALM3;VDR;S100A9;PPP3CA;S100A4;ALPL;CAMK2G;S100A12;CACNA1B;TRPV4;ATP2A3,RNA-seq,I4-FP2
prerank,KEGG_hsa00190,-0.3164291599617401,-1.2616870542309468,0.0811258278145695,0.6971153846153846,0.625,41/106,34.63%,NDUFS6;NDUFB7;NDUFB2;UQCRC2;UQCRHL;COXFA4L2;ATP5PO;NDUFS5;COX4I1;COX7B;LHPP;SDHA;ATP5F1D;NDUFA6;ATP5F1E;NDUFA3;ATP5PF;UQCR11;ATP6V0D1;ATP6V0E1;UQCRB;ATP5PB;ATP6V1B2;NDUFA13;ATP5F1A;COX7A2;NDUFB10;UQCRH;PPA1;COX5B;COXFA4;NDUFS8;UQCR10;NDUFB6;UQCRQ;NDUFA10;NDUFS1;SDHC;COX7C;ATP6V0B;NDUFB1,RNA-seq,I4-FP2
prerank,KEGG_hsa04976,-0.3463008794020152,-1.162720603989692,0.2352941176470588,0.7715201465201466,0.811,13/42,18.67%,ATP1A1;PRKACA;AQP1;LDLR;SLC51A;UGT2A1;SULT2A1;SLC2A1;AQP9;SLC9A1;NCEH1;SLC4A4;ATP1B1,RNA-seq,I4-FP2
prerank,KEGG_hsa04020,-0.2536229206775671,-1.0451275319016124,0.335016835016835,0.9447115384615384,0.929,36/154,19.47%,CACNA1D;VEGFA;CAMK2D;PRKACA;MYLK4;ITPKB;NFATC2;MST1;FGF5;GNAQ;NTSR1;VEGFC;PDGFA;FGFR1;GNA11;SLC8A3;ATP2A2;CACNA1A;PTGFR;PTGER3;TFEB;ATP2B1;PPP3R1;RET;TPCN2;PLCG2;CALM3;P2RX4;PPP3CA;CHRNA7;TGFA;PLCD3;ITPR3;CAMK2G;MCU;ARLN,RNA-seq,I4-FP2
prerank,KEGG_hsa04978,-0.2602570427541374,-0.8628182865865693,0.6789168278529981,1.0,0.995,17/40,30.29%,ATP1A1;SLC31A1;CYBRD1;SLC8A3;MT1H;ATP2B1;VDR;ATOX1;ATP1B1;MT2A;HEPH;ATP1A4;SLC30A1;TF;SLC46A1;HMOX2;ATP7B,RNA-seq,I4-FP2
prerank,MINERAL_Potassium,0.2627206162865523,0.8352731660719057,0.7072599531615925,1.0,0.983,3/31,2.63%,KCNQ2;KCNQ4;KCND1,RNA-seq,I4-FP2
prerank,MINERAL_Copper,-0.2631417978849703,-0.7370999198670464,0.8257713248638838,1.0,1.0,6/19,21.30%,SLC31A1;PRNP;LOXL1;ATOX1;SLC31A2;SOD1,RNA-seq,I4-FP2
prerank,MINERAL_Zinc,0.2427874112829797,0.7286148098967928,0.8608490566037735,1.0,0.994,6/25,16.33%,SLC39A13;MT1G;MT1X;MT1F;SLC30A8;SLC30A7,RNA-seq,I4-FP2
prerank,MINERAL_Iron,-0.2213860399486651,-0.6976061823106466,0.9315315315315316,1.0,1.0,14/35,33.30%,BOLA3;FXN;NCOA4;HSPA9;FDX1;HEPH;ISCA1;ACO1;TF;IBA57;ABCB7;TFRC;TFR2;SDHC,RNA-seq,I4-FP2
prerank,MINERAL_Selenium,-0.2370796523105759,-0.6657218498896064,0.9059040590405903,1.0,1.0,2/19,7.34%,TXNRD1;MSRB1,RNA-seq,I4-FP2
prerank,MINERAL_Sodium,-0.1880154455641118,-0.5977491914746037,0.963302752293578,0.97760989010989,1.0,7/34,18.67%,ATP1A1;FXYD3;SLC9A5;SLC12A6;SLC9A1;SLC4A4;ATP1B1,RNA-seq,I4-FP2
prerank,KEGG_hsa04216,0.1656826454670254,0.5481374553054557,0.9978165938864628,0.9921328671328672,0.995,4/38,9.77%,SLC11A2;GCLM;MAP1LC3A;ALOX15,RNA-seq,I4-FP2
prerank,MINERAL_Calcium,-0.4468110266748637,-1.550259767246844,0.0166919575113808,0.2251592788396366,0.138,19/56,22.36%,CACNA1D;S100A8;TNFRSF11A;CAMK2D;CACNA1A;SLC8A3;PPP3R1;ATP2B1;CAMK2G;S100A9;S100A12;PPP3CA;PLCG2;VDR;TRPV4;CACNA1B;CALM3;ALPL;SPP1,RNA-seq,I4-FP3
prerank,KEGG_hsa00190,-0.3256012844252343,-1.2354444240589106,0.0925644916540212,0.9519266976277144,0.721,41/106,35.24%,NDUFB7;NDUFS6;NDUFB2;UQCR11;UQCRHL;ATP5PO;COX7A2;COXFA4;COX4I1;COX7C;UQCRC2;ATP5PF;ATP6V0E1;COX7B;ATP5F1E;LHPP;ATP5F1D;NDUFS5;ATP5F1A;UQCRH;NDUFA6;UQCR10;SDHA;ATP6V1E2;NDUFS8;NDUFS1;COX5B;NDUFAB1;NDUFB1;UQCRQ;ATP5PB;UQCRB;NDUFC2;NDUFB6;NDUFA3;ATP5MG;SDHC;CYC1;ATP6V1B2;ATP6V0B;NDUFA2,RNA-seq,I4-FP3
prerank,KEGG_hsa04020,-0.2811478104804613,-1.1285899056534243,0.2384500745156482,1.0,0.895,35/154,18.63%,CACNA1D;VEGFA;PRKACA;GNAQ;CAMK2D;NFATC2;ITPKB;FGF5;CACNA1A;SLC8A3;PPP3R1;FGFR1;ARLN;VEGFC;TFEB;ATP2B1;MCU;PTGER3;PTGFR;ITPR3;P2RX4;PDGFA;RET;TGFA;PLCD3;GNA11;ORAI2;CAMK2G;CHRNA7;PPP3CA;PLCG2;NTSR1;NFATC1;CACNA1B;HTR2A,RNA-seq,I4-FP3
prerank,KEGG_hsa04976,-0.3134889754712821,-1.0331631009301157,0.398042414355628,1.0,0.973,11/44,16.07%,PRKACA;AQP1;ATP1A1;AQP9;SULT2A1;UGT2A1;SLC51A;ATP1B1;SLC4A4;LDLR;SLC9A1,RNA-seq,I4-FP3
prerank,MINERAL_Iron,-0.3267555148471044,-1.021548578985994,0.4100840336134453,1.0,0.976,15/35,34.99%,BOLA3;FDX1;NCOA4;FXN;IREB2;TF;ISCA1;IBA57;HEPH;FBXL5;HSPA9;TFR2;ABCB7;SDHC;TFRC,RNA-seq,I4-FP3
prerank,KEGG_hsa04978,-0.2898784528315183,-0.9351525491856996,0.5725806451612904,0.9654826157901342,0.995,16/40,27.09%,ATP1A1;SLC31A1;SLC8A3;ATP2B1;MT1H;ATP1B1;MT2A;SLC30A1;VDR;CYBRD1;TF;ATP7B;ATOX1;ATP1A4;HEPH;TRPM6,RNA-seq,I4-FP3
prerank,MINERAL_Sodium,-0.2566612906455865,-0.8041540098578043,0.7892976588628763,1.0,1.0,7/34,16.07%,ATP1A1;SLC12A6;FXYD3;SLC9A5;ATP1B1;SLC4A4;SLC9A1,RNA-seq,I4-FP3
prerank,MINERAL_Zinc,-0.2697488372612834,-0.7877758324945273,0.7808219178082192,1.0,1.0,5/25,16.50%,MT3;MT1H;MT2A;SLC30A1;SLC30A4,RNA-seq,I4-FP3
prerank,MINERAL_Potassium,-0.25456577597415,-0.7670974729453744,0.8075040783034257,1.0,1.0,7/32,15.03%,KCNK5;KCNQ5;KCNE5;KCNJ11;KCNA5;KCNJ15;KCNQ1,RNA-seq,I4-FP3
prerank,KEGG_hsa04216,0.2269522392753141,0.7621623312568232,0.8571428571428571,0.853169084045301,0.989,5/38,12.43%,ALOX15;SLC11A2;GCLM;SLC3A2;MAP1LC3A,RNA-seq,I4-FP3
prerank,MINERAL_Copper,-0.277627485916726,-0.7548801876157194,0.8073089700996677,0.9359060670721272,1.0,12/19,36.09%,SLC31A1;SLC31A2;LOXL1;SCO2;ATP7B;ATOX1;SCO1;PRNP;XIAP;SOD1;COX11;LOXL3,RNA-seq,I4-FP3
prerank,MINERAL_Selenium,-0.1871551135918213,-0.5085309723886198,0.9793459552495696,0.9946027362871848,1.0,2/19,11.79%,MSRB1;TXNRD1,RNA-seq,I4-FP3
prerank,KEGG_hsa04020,0.3252468288326649,1.0303754551181563,0.4387351778656126,0.4387351778656126,0.222,7/23,30.93%,PDGFA;PDGFD;CALM1;SLC25A5;ITPR1;VEGFC;PDGFC,Proteomics,I4-FP1
prerank,KEGG_hsa04020,0.2758945564311419,0.9302433549778284,0.5623529411764706,0.5623529411764706,0.239,8/22,33.82%,PDGFA;PDGFD;PDGFC;VEGFC;SLC25A5;VDAC3;ATP2A3;GNAQ,Proteomics,I4-FP2
