sample_id,study,astronaut_id,timepoint,flight_status,tissue
C001_L-92,I4,C001,L-92,pre,whole_blood
C001_L-44,I4,C001,L-44,pre,whole_blood
C001_L-3,I4,C001,L-3,pre,whole_blood
C001_R+1,I4,C001,R+1,post,whole_blood
C002_L-92,I4,C002,L-92,pre,whole_blood
C002_L-44,I4,C002,L-44,pre,whole_blood
C002_L-3,I4,C002,L-3,pre,whole_blood
C002_R+1,I4,C002,R+1,post,whole_blood
C003_L-92,I4,C003,L-92,pre,whole_blood
C003_L-44,I4,C003,L-44,pre,whole_blood
C003_L-3,I4,C003,L-3,pre,whole_blood
C003_R+1,I4,C003,R+1,post,whole_blood
C004_L-92,I4,C004,L-92,pre,whole_blood
C004_L-44,I4,C004,L-44,pre,whole_blood
C004_L-3,I4,C004,L-3,pre,whole_blood
C004_R+1,I4,C004,R+1,post,whole_blood
PS001_t0,AX1,PS001,t0,pre,whole_blood
PS001_t2,AX1,PS001,t2,post,whole_blood
PS001_t3,AX1,PS001,t3,post,whole_blood
PS004_t0,AX1,PS004,t0,pre,whole_blood
PS004_t2,AX1,PS004,t2,post,whole_blood
PS004_t3,AX1,PS004,t3,post,whole_blood
