Symbol,i4_p,jaxa_p,z_i4,z_jaxa,z_combined,p_combined,fdr_combined
ALAS2,9.79938671928015e-06,0.279219868,-4.269413388599136,-0.5851605979330583,-3.153477566288467,0.00161337628481939,0.02097389170265207
GRPR,0.0428025065869841,0.752013913,1.7190513994741656,0.6808408892832019,1.6146006525698462,0.106397204040249,0.27887498006210765
PDGFA,0.0285093037869246,0.68996819,-1.9031681507004574,-0.49576018330819005,-1.587683412033876,0.11235794585923653,0.27887498006210765
MCOLN1,0.0464784577366671,0.257150773,-1.6800020571826721,-0.6521544423476793,-1.5676832537666863,0.11695507175275921,0.27887498006210765
SAT1,0.0124119966813674,0.45776665,2.244130697744086,0.10606182435657523,1.5014680102751183,0.1332345547205911,0.27887498006210765
GPX1,0.0099384516504788,0.510505937,-2.3286634225020286,-0.02633752332250749,-1.493177021647565,0.13539085531080985,0.27887498006210765
GNA11,0.0467583088746392,0.345004891,-1.6771322802236253,-0.3988417907381558,-1.369653111239769,0.17079521196047143,0.27887498006210765
MT2A,0.0095301736746239,0.559350336,-2.3443485969858533,0.14932228945669868,-1.3670316911224178,0.1716153723459124,0.27887498006210765
SLC25A37,0.0152974138686235,0.648045884,-2.162303011792574,0.3800500917646926,-1.073174966515441,0.28319262034893944,0.4090560071706903
ATP6V0C,0.0287569459804609,0.828858984,-1.8993848652043284,0.9496659193181838,-0.46566840746349875,0.6414528692963155,0.8338887300852101
ACSL1,0.0233930319697869,0.982528881,1.988231760030078,-2.1090271523266058,-0.3761772319359645,0.7067851406984267,0.8352915299163225
NDUFB2,0.029038476359164,0.90730617,-1.8951166240533368,1.3243475057782013,-0.1727418258374561,0.8628543656957455,0.906850055018311
NIPA1,0.0089066666878765,0.962756148,2.3694755388522357,-1.7836060367123807,0.11701261728915863,0.906850055018311,0.906850055018311
