gene_symbol,minerals,kegg_pathways,n_minerals,n_pathways
ABCB1,,hsa04976:Bile_secretion,0,1
ABCB11,,hsa04976:Bile_secretion,0,1
ABCB4,,hsa04976:Bile_secretion,0,1
ABCB7,Iron,,1,0
ABCC2,,hsa04976:Bile_secretion,0,1
ABCC3,,hsa04976:Bile_secretion,0,1
ABCC4,,hsa04976:Bile_secretion,0,1
ABCC8,Potassium,,1,0
ABCC9,Potassium,,1,0
ABCG2,,hsa04976:Bile_secretion,0,1
ABCG5,,hsa04976:Bile_secretion,0,1
ABCG8,,hsa04976:Bile_secretion,0,1
ACO1,Iron,,1,0
ACSL1,,hsa04216:Ferroptosis,0,1
ACSL3,,hsa04216:Ferroptosis,0,1
ACSL4,,hsa04216:Ferroptosis,0,1
ACSL5,,hsa04216:Ferroptosis,0,1
ACSL6,,hsa04216:Ferroptosis,0,1
ADCY1,,hsa04020:Calcium_signaling;hsa04976:Bile_secretion,0,2
ADCY2,,hsa04020:Calcium_signaling;hsa04976:Bile_secretion,0,2
ADCY3,,hsa04020:Calcium_signaling;hsa04976:Bile_secretion,0,2
ADCY4,,hsa04020:Calcium_signaling;hsa04976:Bile_secretion,0,2
ADCY5,,hsa04976:Bile_secretion,0,1
ADCY6,,hsa04976:Bile_secretion,0,1
ADCY7,,hsa04020:Calcium_signaling;hsa04976:Bile_secretion,0,2
ADCY8,,hsa04020:Calcium_signaling;hsa04976:Bile_secretion,0,2
ADCY9,,hsa04020:Calcium_signaling;hsa04976:Bile_secretion,0,2
ADORA2A,,hsa04020:Calcium_signaling,0,1
ADORA2B,,hsa04020:Calcium_signaling,0,1
ADRA1A,,hsa04020:Calcium_signaling,0,1
ADRA1B,,hsa04020:Calcium_signaling,0,1
ADRA1D,,hsa04020:Calcium_signaling,0,1
ADRB1,,hsa04020:Calcium_signaling,0,1
ADRB2,,hsa04020:Calcium_signaling,0,1
ADRB3,,hsa04020:Calcium_signaling,0,1
AGTR1,,hsa04020:Calcium_signaling,0,1
ALAS2,Iron,,1,0
ALOX15,,hsa04216:Ferroptosis,0,1
ALPL,Calcium;Phosphorus,,2,0
APP,Copper,,1,0
AQP1,,hsa04976:Bile_secretion,0,1
AQP4,,hsa04976:Bile_secretion,0,1
AQP8,,hsa04976:Bile_secretion,0,1
AQP9,,hsa04976:Bile_secretion,0,1
ARLN,,hsa04020:Calcium_signaling,0,1
ASPH,,hsa04020:Calcium_signaling,0,1
ATG5,,hsa04216:Ferroptosis,0,1
ATG7,,hsa04216:Ferroptosis,0,1
ATOX1,Copper,hsa04978:Mineral_absorption,1,1
ATP synthase subunit f,,hsa00190:Oxidative_phosphorylation,0,1
ATP12A,,hsa00190:Oxidative_phosphorylation,0,1
ATP1A1,Sodium,hsa04976:Bile_secretion;hsa04978:Mineral_absorption,1,2
ATP1A2,Sodium,hsa04976:Bile_secretion;hsa04978:Mineral_absorption,1,2
ATP1A3,Sodium,hsa04976:Bile_secretion;hsa04978:Mineral_absorption,1,2
ATP1A4,Sodium,hsa04976:Bile_secretion;hsa04978:Mineral_absorption,1,2
ATP1B1,Sodium,hsa04976:Bile_secretion;hsa04978:Mineral_absorption,1,2
ATP1B2,Sodium,hsa04976:Bile_secretion;hsa04978:Mineral_absorption,1,2
ATP1B3,Sodium,hsa04976:Bile_secretion;hsa04978:Mineral_absorption,1,2
ATP1B4,,hsa04976:Bile_secretion;hsa04978:Mineral_absorption,0,2
ATP2A1,Calcium,hsa04020:Calcium_signaling,1,1
ATP2A2,Calcium,hsa04020:Calcium_signaling,1,1
ATP2A3,Calcium,hsa04020:Calcium_signaling,1,1
ATP2B1,Calcium,hsa04020:Calcium_signaling;hsa04978:Mineral_absorption,1,2
ATP2B2,Calcium,hsa04020:Calcium_signaling;hsa04978:Mineral_absorption,1,2
ATP2B3,Calcium,hsa04020:Calcium_signaling;hsa04978:Mineral_absorption,1,2
ATP2B4,Calcium,hsa04020:Calcium_signaling;hsa04978:Mineral_absorption,1,2
ATP4A,,hsa00190:Oxidative_phosphorylation,0,1
ATP4B,,hsa00190:Oxidative_phosphorylation,0,1
ATP5F1A,,hsa00190:Oxidative_phosphorylation,0,1
ATP5F1B,,hsa00190:Oxidative_phosphorylation,0,1
ATP5F1C,,hsa00190:Oxidative_phosphorylation,0,1
ATP5F1D,,hsa00190:Oxidative_phosphorylation,0,1
ATP5F1E,,hsa00190:Oxidative_phosphorylation,0,1
ATP5MC1,,hsa00190:Oxidative_phosphorylation,0,1
ATP5MC2,,hsa00190:Oxidative_phosphorylation,0,1
ATP5MC3,,hsa00190:Oxidative_phosphorylation,0,1
ATP5ME,,hsa00190:Oxidative_phosphorylation,0,1
ATP5MF,,hsa00190:Oxidative_phosphorylation,0,1
ATP5MG,,hsa00190:Oxidative_phosphorylation,0,1
ATP5MGL,,hsa00190:Oxidative_phosphorylation,0,1
ATP5PB,,hsa00190:Oxidative_phosphorylation,0,1
ATP5PD,,hsa00190:Oxidative_phosphorylation,0,1
ATP5PF,,hsa00190:Oxidative_phosphorylation,0,1
ATP5PO,,hsa00190:Oxidative_phosphorylation,0,1
ATP6,,hsa00190:Oxidative_phosphorylation,0,1
ATP6AP1,,hsa00190:Oxidative_phosphorylation,0,1
ATP6V0A1,,hsa00190:Oxidative_phosphorylation,0,1
ATP6V0A2,,hsa00190:Oxidative_phosphorylation,0,1
ATP6V0A4,,hsa00190:Oxidative_phosphorylation,0,1
ATP6V0B,,hsa00190:Oxidative_phosphorylation,0,1
ATP6V0C,,hsa00190:Oxidative_phosphorylation,0,1
ATP6V0D1,,hsa00190:Oxidative_phosphorylation,0,1
ATP6V0D2,,hsa00190:Oxidative_phosphorylation,0,1
ATP6V0E1,,hsa00190:Oxidative_phosphorylation,0,1
ATP6V0E2,,hsa00190:Oxidative_phosphorylation,0,1
ATP6V1A,,hsa00190:Oxidative_phosphorylation,0,1
ATP6V1B1,,hsa00190:Oxidative_phosphorylation,0,1
ATP6V1B2,,hsa00190:Oxidative_phosphorylation,0,1
ATP6V1C1,,hsa00190:Oxidative_phosphorylation,0,1
ATP6V1C2,,hsa00190:Oxidative_phosphorylation,0,1
ATP6V1D,,hsa00190:Oxidative_phosphorylation,0,1
ATP6V1E1,,hsa00190:Oxidative_phosphorylation,0,1
ATP6V1E2,,hsa00190:Oxidative_phosphorylation,0,1
ATP6V1F,,hsa00190:Oxidative_phosphorylation,0,1
ATP6V1FP2,,hsa00190:Oxidative_phosphorylation,0,1
ATP6V1G1,,hsa00190:Oxidative_phosphorylation,0,1
ATP6V1G2,,hsa00190:Oxidative_phosphorylation,0,1
ATP6V1G3,,hsa00190:Oxidative_phosphorylation,0,1
ATP6V1H,,hsa00190:Oxidative_phosphorylation,0,1
ATP7A,Copper,hsa04978:Mineral_absorption,1,1
ATP7B,Copper,hsa04978:Mineral_absorption,1,1
ATP8,,hsa00190:Oxidative_phosphorylation,0,1
AVPR1A,,hsa04020:Calcium_signaling,0,1
AVPR1B,,hsa04020:Calcium_signaling,0,1
BAAT,,hsa04976:Bile_secretion,0,1
BDKRB1,,hsa04020:Calcium_signaling,0,1
BDKRB2,,hsa04020:Calcium_signaling,0,1
BGLAP,Calcium;Phosphorus,,2,0
BOLA3,Iron,,1,0
CA2,,hsa04976:Bile_secretion,0,1
CACNA1A,Calcium,hsa04020:Calcium_signaling,1,1
CACNA1B,Calcium,hsa04020:Calcium_signaling,1,1
CACNA1C,Calcium,hsa04020:Calcium_signaling,1,1
CACNA1D,Calcium,hsa04020:Calcium_signaling,1,1
CACNA1E,Calcium,hsa04020:Calcium_signaling,1,1
CACNA1F,Calcium,hsa04020:Calcium_signaling,1,1
CACNA1G,Calcium,hsa04020:Calcium_signaling,1,1
CACNA1H,Calcium,hsa04020:Calcium_signaling,1,1
CACNA1I,Calcium,hsa04020:Calcium_signaling,1,1
CACNA1S,Calcium,hsa04020:Calcium_signaling,1,1
CALB1,Magnesium,,1,0
CALB2,Magnesium,,1,0
CALCA,Calcium,,1,0
CALCB,Calcium,,1,0
CALCR,Calcium,,1,0
CALCRL,Calcium,,1,0
CALM1,Calcium,hsa04020:Calcium_signaling,1,1
CALM2,Calcium,hsa04020:Calcium_signaling,1,1
CALM3,Calcium,hsa04020:Calcium_signaling,1,1
CALML3,,hsa04020:Calcium_signaling,0,1
CALML4,,hsa04020:Calcium_signaling,0,1
CALML5,,hsa04020:Calcium_signaling,0,1
CALML6,,hsa04020:Calcium_signaling,0,1
CAMK1,,hsa04020:Calcium_signaling,0,1
CAMK1D,,hsa04020:Calcium_signaling,0,1
CAMK1G,,hsa04020:Calcium_signaling,0,1
CAMK2A,Calcium,hsa04020:Calcium_signaling,1,1
CAMK2B,Calcium,hsa04020:Calcium_signaling,1,1
CAMK2D,Calcium,hsa04020:Calcium_signaling,1,1
CAMK2G,Calcium,hsa04020:Calcium_signaling,1,1
CAMK4,Calcium,hsa04020:Calcium_signaling,1,1
CAMLG,Magnesium,,1,0
CASQ1,,hsa04020:Calcium_signaling,0,1
CASQ2,,hsa04020:Calcium_signaling,0,1
CASR,Calcium,,1,0
CCKAR,,hsa04020:Calcium_signaling,0,1
CCKBR,,hsa04020:Calcium_signaling,0,1
CCS,Copper,,1,0
CD38,,hsa04020:Calcium_signaling,0,1
CFTR,,hsa04976:Bile_secretion,0,1
CHRFAM7A,,hsa04020:Calcium_signaling,0,1
CHRM1,,hsa04020:Calcium_signaling,0,1
CHRM2,,hsa04020:Calcium_signaling,0,1
CHRM3,,hsa04020:Calcium_signaling,0,1
CHRM5,,hsa04020:Calcium_signaling,0,1
CHRNA7,,hsa04020:Calcium_signaling,0,1
CLCN2,,hsa04978:Mineral_absorption,0,1
CNNM1,Magnesium,,1,0
CNNM2,Magnesium,,1,0
CNNM3,Magnesium,,1,0
CNNM4,Magnesium,,1,0
COX1,,hsa00190:Oxidative_phosphorylation,0,1
COX10,,hsa00190:Oxidative_phosphorylation,0,1
COX11,Copper,hsa00190:Oxidative_phosphorylation,1,1
COX15,,hsa00190:Oxidative_phosphorylation,0,1
COX17,Copper,hsa00190:Oxidative_phosphorylation,1,1
COX19,Copper,,1,0
COX2,,hsa00190:Oxidative_phosphorylation,0,1
COX3,,hsa00190:Oxidative_phosphorylation,0,1
COX4I1,,hsa00190:Oxidative_phosphorylation,0,1
COX4I2,,hsa00190:Oxidative_phosphorylation,0,1
COX5A,,hsa00190:Oxidative_phosphorylation,0,1
COX5B,,hsa00190:Oxidative_phosphorylation,0,1
COX6A1,,hsa00190:Oxidative_phosphorylation,0,1
COX6A2,,hsa00190:Oxidative_phosphorylation,0,1
COX6B1,,hsa00190:Oxidative_phosphorylation,0,1
COX6B2,,hsa00190:Oxidative_phosphorylation,0,1
COX6C,,hsa00190:Oxidative_phosphorylation,0,1
COX7A1,,hsa00190:Oxidative_phosphorylation,0,1
COX7A2,,hsa00190:Oxidative_phosphorylation,0,1
COX7A2L,,hsa00190:Oxidative_phosphorylation,0,1
COX7B,,hsa00190:Oxidative_phosphorylation,0,1
COX7B2,,hsa00190:Oxidative_phosphorylation,0,1
COX7C,,hsa00190:Oxidative_phosphorylation,0,1
COX8A,,hsa00190:Oxidative_phosphorylation,0,1
COX8C,,hsa00190:Oxidative_phosphorylation,0,1
COXFA4,,hsa00190:Oxidative_phosphorylation,0,1
COXFA4L2,,hsa00190:Oxidative_phosphorylation,0,1
CP,Copper,hsa04216:Ferroptosis,1,1
CSF1R,Calcium,,1,0
CXCR4,,hsa04020:Calcium_signaling,0,1
CYBB,,hsa04216:Ferroptosis,0,1
CYBRD1,,hsa04978:Mineral_absorption,0,1
CYC1,,hsa00190:Oxidative_phosphorylation,0,1
CYCS,,hsa00190:Oxidative_phosphorylation,0,1
CYP24A1,Calcium,,1,0
CYP27B1,Calcium,,1,0
CYP3A4,,hsa04976:Bile_secretion,0,1
CYP7A1,,hsa04976:Bile_secretion,0,1
CYSLTR1,,hsa04020:Calcium_signaling,0,1
CYSLTR2,,hsa04020:Calcium_signaling,0,1
CYTB,,hsa00190:Oxidative_phosphorylation,0,1
DBH,Copper,,1,0
DIO1,Selenium,,1,0
DIO2,Selenium,,1,0
DIO3,Selenium,,1,0
DMP1,Calcium;Phosphorus,,2,0
DRD1,,hsa04020:Calcium_signaling,0,1
DRD5,,hsa04020:Calcium_signaling,0,1
EDNRA,,hsa04020:Calcium_signaling,0,1
EDNRB,,hsa04020:Calcium_signaling,0,1
EGF,,hsa04020:Calcium_signaling,0,1
EGFR,,hsa04020:Calcium_signaling,0,1
ENPP1,Phosphorus,,1,0
ENPP2,Phosphorus,,1,0
ENPP3,Phosphorus,,1,0
EPHX1,,hsa04976:Bile_secretion,0,1
ERBB2,,hsa04020:Calcium_signaling,0,1
ERBB3,,hsa04020:Calcium_signaling,0,1
ERBB4,,hsa04020:Calcium_signaling,0,1
ERLN,,hsa04020:Calcium_signaling,0,1
F2R,,hsa04020:Calcium_signaling,0,1
FBXL5,Iron,,1,0
FDX1,Iron,,1,0
FDX2,Iron,,1,0
FDXR,Iron,,1,0
FGF1,,hsa04020:Calcium_signaling,0,1
FGF10,,hsa04020:Calcium_signaling,0,1
FGF16,,hsa04020:Calcium_signaling,0,1
FGF17,,hsa04020:Calcium_signaling,0,1
FGF18,,hsa04020:Calcium_signaling,0,1
FGF19,,hsa04020:Calcium_signaling,0,1
FGF2,,hsa04020:Calcium_signaling,0,1
FGF20,,hsa04020:Calcium_signaling,0,1
FGF21,,hsa04020:Calcium_signaling,0,1
FGF22,,hsa04020:Calcium_signaling,0,1
FGF23,Phosphorus,hsa04020:Calcium_signaling,1,1
FGF3,,hsa04020:Calcium_signaling,0,1
FGF4,,hsa04020:Calcium_signaling,0,1
FGF5,,hsa04020:Calcium_signaling,0,1
FGF6,,hsa04020:Calcium_signaling,0,1
FGF7,,hsa04020:Calcium_signaling,0,1
FGF8,,hsa04020:Calcium_signaling,0,1
FGF9,,hsa04020:Calcium_signaling,0,1
FGFR1,,hsa04020:Calcium_signaling,0,1
FGFR2,,hsa04020:Calcium_signaling,0,1
FGFR3,,hsa04020:Calcium_signaling,0,1
FGFR4,,hsa04020:Calcium_signaling,0,1
FLT1,,hsa04020:Calcium_signaling,0,1
FLT4,,hsa04020:Calcium_signaling,0,1
FTH1,Iron,hsa04216:Ferroptosis;hsa04978:Mineral_absorption,1,2
FTL,Iron,hsa04216:Ferroptosis;hsa04978:Mineral_absorption,1,2
FTMT,Iron,hsa04216:Ferroptosis,1,1
FXN,Iron,,1,0
FXYD1,Sodium,,1,0
FXYD2,Sodium,hsa04976:Bile_secretion;hsa04978:Mineral_absorption,1,2
FXYD3,Sodium,,1,0
FXYD4,Sodium,,1,0
FXYD5,Sodium,,1,0
GCLC,,hsa04216:Ferroptosis,0,1
GCLM,,hsa04216:Ferroptosis,0,1
GDNF,,hsa04020:Calcium_signaling,0,1
GLRX5,Iron,,1,0
GNA11,,hsa04020:Calcium_signaling,0,1
GNA14,,hsa04020:Calcium_signaling,0,1
GNA15,,hsa04020:Calcium_signaling,0,1
GNAL,,hsa04020:Calcium_signaling,0,1
GNAQ,,hsa04020:Calcium_signaling,0,1
GNAS,,hsa04020:Calcium_signaling;hsa04976:Bile_secretion,0,2
GPX1,Selenium,,1,0
GPX2,Selenium,,1,0
GPX3,Selenium,,1,0
GPX4,Selenium,hsa04216:Ferroptosis,1,1
GPX5,Selenium,,1,0
GPX6,Selenium,,1,0
GPX7,Selenium,,1,0
GPX8,Selenium,,1,0
GRIN1,,hsa04020:Calcium_signaling,0,1
GRIN2A,,hsa04020:Calcium_signaling,0,1
GRIN2B,,hsa04020:Calcium_signaling,0,1
GRIN2C,,hsa04020:Calcium_signaling,0,1
GRIN2D,,hsa04020:Calcium_signaling,0,1
GRIN3A,,hsa04020:Calcium_signaling,0,1
GRIN3B,,hsa04020:Calcium_signaling,0,1
GRM1,,hsa04020:Calcium_signaling,0,1
GRM5,,hsa04020:Calcium_signaling,0,1
GRPR,,hsa04020:Calcium_signaling,0,1
GSS,,hsa04216:Ferroptosis,0,1
HAMP,Iron,,1,0
HEPH,Iron,hsa04978:Mineral_absorption,1,1
HEPHL1,Iron,hsa04978:Mineral_absorption,1,1
HFE,Iron,,1,0
HGF,,hsa04020:Calcium_signaling,0,1
HJV,Iron,,1,0
HMGCR,,hsa04976:Bile_secretion,0,1
HMOX1,,hsa04216:Ferroptosis;hsa04978:Mineral_absorption,0,2
HMOX2,,hsa04978:Mineral_absorption,0,1
HPCA,Magnesium,,1,0
HPCAL1,Magnesium,,1,0
HRC,,hsa04020:Calcium_signaling,0,1
HRH1,,hsa04020:Calcium_signaling,0,1
HRH2,,hsa04020:Calcium_signaling,0,1
HSPA9,Iron,,1,0
HTR2A,,hsa04020:Calcium_signaling,0,1
HTR2B,,hsa04020:Calcium_signaling,0,1
HTR2C,,hsa04020:Calcium_signaling,0,1
HTR4,,hsa04020:Calcium_signaling,0,1
HTR5A,,hsa04020:Calcium_signaling,0,1
HTR6,,hsa04020:Calcium_signaling,0,1
HTR7,,hsa04020:Calcium_signaling,0,1
IBA57,Iron,,1,0
IBSP,Calcium,,1,0
IREB2,Iron,,1,0
ISCA1,Iron,,1,0
ISCA2,Iron,,1,0
ISCU,Iron,,1,0
ITPKA,,hsa04020:Calcium_signaling,0,1
ITPKB,,hsa04020:Calcium_signaling,0,1
ITPKC,,hsa04020:Calcium_signaling,0,1
ITPR1,,hsa04020:Calcium_signaling,0,1
ITPR2,,hsa04020:Calcium_signaling,0,1
ITPR3,,hsa04020:Calcium_signaling,0,1
KCNA1,Potassium,,1,0
KCNA2,Potassium,,1,0
KCNA3,Potassium,,1,0
KCNA4,Potassium,,1,0
KCNA5,Potassium,,1,0
KCND1,Potassium,,1,0
KCND2,Potassium,,1,0
KCND3,Potassium,,1,0
KCNE1,Potassium,,1,0
KCNE2,Potassium,,1,0
KCNE3,Potassium,,1,0
KCNE4,Potassium,,1,0
KCNE5,Potassium,,1,0
KCNH1,Potassium,,1,0
KCNH2,Potassium,,1,0
KCNH5,Potassium,,1,0
KCNH6,Potassium,,1,0
KCNH7,Potassium,,1,0
KCNJ1,Potassium,,1,0
KCNJ10,Potassium,,1,0
KCNJ11,Potassium,,1,0
KCNJ12,Potassium,,1,0
KCNJ13,Potassium,,1,0
KCNJ14,Potassium,,1,0
KCNJ15,Potassium,,1,0
KCNJ16,Potassium,,1,0
KCNJ2,Potassium,,1,0
KCNJ3,Potassium,,1,0
KCNJ4,Potassium,,1,0
KCNJ5,Potassium,,1,0
KCNJ6,Potassium,,1,0
KCNJ8,Potassium,,1,0
KCNK1,Potassium,,1,0
KCNK10,Potassium,,1,0
KCNK13,Potassium,,1,0
KCNK2,Potassium,,1,0
KCNK3,Potassium,,1,0
KCNK5,Potassium,,1,0
KCNK6,Potassium,,1,0
KCNK9,Potassium,,1,0
KCNMA1,Potassium,,1,0
KCNMB1,Potassium,,1,0
KCNMB2,Potassium,,1,0
KCNMB3,Potassium,,1,0
KCNMB4,Potassium,,1,0
KCNN1,Potassium,,1,0
KCNN2,Potassium,hsa04976:Bile_secretion,1,1
KCNN3,Potassium,,1,0
KCNN4,Potassium,,1,0
KCNQ1,Potassium,,1,0
KCNQ2,Potassium,,1,0
KCNQ3,Potassium,,1,0
KCNQ4,Potassium,,1,0
KCNQ5,Potassium,,1,0
KCNV1,Potassium,,1,0
KCNV2,Potassium,,1,0
KDR,,hsa04020:Calcium_signaling,0,1
KL,Phosphorus,,1,0
LDLR,,hsa04976:Bile_secretion,0,1
LHCGR,,hsa04020:Calcium_signaling,0,1
LHPP,,hsa00190:Oxidative_phosphorylation,0,1
LOX,Copper,,1,0
LOXL1,Copper,,1,0
LOXL2,Copper,,1,0
LOXL3,Copper,,1,0
LOXL4,Copper,,1,0
LPCAT3,,hsa04216:Ferroptosis,0,1
LTB4R2,,hsa04020:Calcium_signaling,0,1
LYRM4,Iron,,1,0
MAGT1,Magnesium,,1,0
MAP1LC3A,,hsa04216:Ferroptosis,0,1
MAP1LC3B,,hsa04216:Ferroptosis,0,1
MAP1LC3B2,,hsa04216:Ferroptosis,0,1
MAP1LC3BP1,,hsa04216:Ferroptosis,0,1
MAP1LC3C,,hsa04216:Ferroptosis,0,1
MCOLN1,,hsa04020:Calcium_signaling,0,1
MCOLN2,,hsa04020:Calcium_signaling,0,1
MCOLN3,,hsa04020:Calcium_signaling,0,1
MCU,,hsa04020:Calcium_signaling,0,1
MEPE,Calcium;Phosphorus,,2,0
MET,,hsa04020:Calcium_signaling,0,1
MRLN,,hsa04020:Calcium_signaling,0,1
MSRB1,Selenium,,1,0
MST1,,hsa04020:Calcium_signaling,0,1
MST1R,,hsa04020:Calcium_signaling,0,1
MT1A,Zinc,hsa04978:Mineral_absorption,1,1
MT1B,Zinc,hsa04978:Mineral_absorption,1,1
MT1E,Zinc,hsa04978:Mineral_absorption,1,1
MT1F,Zinc,hsa04978:Mineral_absorption,1,1
MT1G,Zinc,hsa04978:Mineral_absorption,1,1
MT1H,Zinc,hsa04978:Mineral_absorption,1,1
MT1HL1,,hsa04978:Mineral_absorption,0,1
MT1M,Zinc,hsa04978:Mineral_absorption,1,1
MT1X,Zinc,hsa04978:Mineral_absorption,1,1
MT2A,Zinc,hsa04978:Mineral_absorption,1,1
MT3,Zinc,,1,0
MT4,Zinc,,1,0
MYLK,,hsa04020:Calcium_signaling,0,1
MYLK2,,hsa04020:Calcium_signaling,0,1
MYLK3,,hsa04020:Calcium_signaling,0,1
MYLK4,,hsa04020:Calcium_signaling,0,1
NCEH1,,hsa04976:Bile_secretion,0,1
NCOA4,Iron,hsa04216:Ferroptosis,1,1
ND1,,hsa00190:Oxidative_phosphorylation,0,1
ND2,,hsa00190:Oxidative_phosphorylation,0,1
ND3,,hsa00190:Oxidative_phosphorylation,0,1
ND4,,hsa00190:Oxidative_phosphorylation,0,1
ND4L,,hsa00190:Oxidative_phosphorylation,0,1
ND5,,hsa00190:Oxidative_phosphorylation,0,1
ND6,,hsa00190:Oxidative_phosphorylation,0,1
NDUFA1,,hsa00190:Oxidative_phosphorylation,0,1
NDUFA10,,hsa00190:Oxidative_phosphorylation,0,1
NDUFA11,,hsa00190:Oxidative_phosphorylation,0,1
NDUFA12,,hsa00190:Oxidative_phosphorylation,0,1
NDUFA13,,hsa00190:Oxidative_phosphorylation,0,1
NDUFA2,,hsa00190:Oxidative_phosphorylation,0,1
NDUFA3,,hsa00190:Oxidative_phosphorylation,0,1
NDUFA5,,hsa00190:Oxidative_phosphorylation,0,1
NDUFA6,,hsa00190:Oxidative_phosphorylation,0,1
NDUFA7,,hsa00190:Oxidative_phosphorylation,0,1
NDUFA8,,hsa00190:Oxidative_phosphorylation,0,1
NDUFA9,,hsa00190:Oxidative_phosphorylation,0,1
NDUFAB1,,hsa00190:Oxidative_phosphorylation,0,1
NDUFB1,,hsa00190:Oxidative_phosphorylation,0,1
NDUFB10,,hsa00190:Oxidative_phosphorylation,0,1
NDUFB11,,hsa00190:Oxidative_phosphorylation,0,1
NDUFB2,,hsa00190:Oxidative_phosphorylation,0,1
NDUFB3,,hsa00190:Oxidative_phosphorylation,0,1
NDUFB4,,hsa00190:Oxidative_phosphorylation,0,1
NDUFB5,,hsa00190:Oxidative_phosphorylation,0,1
NDUFB6,,hsa00190:Oxidative_phosphorylation,0,1
NDUFB7,,hsa00190:Oxidative_phosphorylation,0,1
NDUFB8,,hsa00190:Oxidative_phosphorylation,0,1
NDUFB9,,hsa00190:Oxidative_phosphorylation,0,1
NDUFC1,,hsa00190:Oxidative_phosphorylation,0,1
NDUFC2,,hsa00190:Oxidative_phosphorylation,0,1
NDUFC2-KCTD14,,hsa00190:Oxidative_phosphorylation,0,1
NDUFS1,,hsa00190:Oxidative_phosphorylation,0,1
NDUFS2,,hsa00190:Oxidative_phosphorylation,0,1
NDUFS3,,hsa00190:Oxidative_phosphorylation,0,1
NDUFS4,,hsa00190:Oxidative_phosphorylation,0,1
NDUFS5,,hsa00190:Oxidative_phosphorylation,0,1
NDUFS6,,hsa00190:Oxidative_phosphorylation,0,1
NDUFS7,,hsa00190:Oxidative_phosphorylation,0,1
NDUFS8,,hsa00190:Oxidative_phosphorylation,0,1
NDUFV1,,hsa00190:Oxidative_phosphorylation,0,1
NDUFV2,,hsa00190:Oxidative_phosphorylation,0,1
NDUFV3,,hsa00190:Oxidative_phosphorylation,0,1
NFATC1,,hsa04020:Calcium_signaling,0,1
NFATC2,,hsa04020:Calcium_signaling,0,1
NFATC3,,hsa04020:Calcium_signaling,0,1
NFATC4,,hsa04020:Calcium_signaling,0,1
NFS1,Iron,,1,0
NFU1,Iron,,1,0
NGF,,hsa04020:Calcium_signaling,0,1
NIPA1,Magnesium,,1,0
NIPA2,Magnesium,,1,0
NIPAL1,Magnesium,,1,0
NOS1,,hsa04020:Calcium_signaling,0,1
NOS2,,hsa04020:Calcium_signaling,0,1
NOS3,,hsa04020:Calcium_signaling,0,1
NR0B2,,hsa04976:Bile_secretion,0,1
NR1H4,,hsa04976:Bile_secretion,0,1
NTRK1,,hsa04020:Calcium_signaling,0,1
NTRK2,,hsa04020:Calcium_signaling,0,1
NTRK3,,hsa04020:Calcium_signaling,0,1
NTSR1,,hsa04020:Calcium_signaling,0,1
ORAI1,,hsa04020:Calcium_signaling,0,1
ORAI2,,hsa04020:Calcium_signaling,0,1
ORAI3,,hsa04020:Calcium_signaling,0,1
OXTR,,hsa04020:Calcium_signaling,0,1
P2RX1,,hsa04020:Calcium_signaling,0,1
P2RX2,,hsa04020:Calcium_signaling,0,1
P2RX3,,hsa04020:Calcium_signaling,0,1
P2RX4,,hsa04020:Calcium_signaling,0,1
P2RX5,,hsa04020:Calcium_signaling,0,1
P2RX6,,hsa04020:Calcium_signaling,0,1
P2RX7,,hsa04020:Calcium_signaling,0,1
PCBP1,,hsa04216:Ferroptosis,0,1
PCBP2,,hsa04216:Ferroptosis,0,1
PDE1A,,hsa04020:Calcium_signaling,0,1
PDE1B,,hsa04020:Calcium_signaling,0,1
PDE1C,,hsa04020:Calcium_signaling,0,1
PDGFA,,hsa04020:Calcium_signaling,0,1
PDGFB,,hsa04020:Calcium_signaling,0,1
PDGFC,,hsa04020:Calcium_signaling,0,1
PDGFD,,hsa04020:Calcium_signaling,0,1
PDGFRA,,hsa04020:Calcium_signaling,0,1
PDGFRB,,hsa04020:Calcium_signaling,0,1
PHEX,Phosphorus,,1,0
PHKA1,,hsa04020:Calcium_signaling,0,1
PHKA2,,hsa04020:Calcium_signaling,0,1
PHKB,,hsa04020:Calcium_signaling,0,1
PHKG1,,hsa04020:Calcium_signaling,0,1
PHKG2,,hsa04020:Calcium_signaling,0,1
PHPT1,Phosphorus,,1,0
PLCB1,Calcium,hsa04020:Calcium_signaling,1,1
PLCB2,Calcium,hsa04020:Calcium_signaling,1,1
PLCB3,Calcium,hsa04020:Calcium_signaling,1,1
PLCB4,Calcium,hsa04020:Calcium_signaling,1,1
PLCD1,Calcium,hsa04020:Calcium_signaling,1,1
PLCD3,,hsa04020:Calcium_signaling,0,1
PLCD4,,hsa04020:Calcium_signaling,0,1
PLCE1,Calcium,hsa04020:Calcium_signaling,1,1
PLCG1,Calcium,hsa04020:Calcium_signaling,1,1
PLCG2,Calcium,hsa04020:Calcium_signaling,1,1
PLCZ1,,hsa04020:Calcium_signaling,0,1
PLN,,hsa04020:Calcium_signaling,0,1
PPA1,,hsa00190:Oxidative_phosphorylation,0,1
PPA2,,hsa00190:Oxidative_phosphorylation,0,1
PPIF,,hsa04020:Calcium_signaling,0,1
PPP3CA,Calcium,hsa04020:Calcium_signaling,1,1
PPP3CB,Calcium,hsa04020:Calcium_signaling,1,1
PPP3CC,Calcium,hsa04020:Calcium_signaling,1,1
PPP3R1,Calcium,hsa04020:Calcium_signaling,1,1
PPP3R2,Calcium,hsa04020:Calcium_signaling,1,1
PRKACA,,hsa04020:Calcium_signaling;hsa04976:Bile_secretion,0,2
PRKACB,,hsa04020:Calcium_signaling;hsa04976:Bile_secretion,0,2
PRKACG,,hsa04020:Calcium_signaling;hsa04976:Bile_secretion,0,2
PRKCA,,hsa04020:Calcium_signaling,0,1
PRKCB,,hsa04020:Calcium_signaling,0,1
PRKCG,,hsa04020:Calcium_signaling,0,1
PRNP,Copper,hsa04216:Ferroptosis,1,1
PTAFR,,hsa04020:Calcium_signaling,0,1
PTGER1,,hsa04020:Calcium_signaling,0,1
PTGER3,,hsa04020:Calcium_signaling,0,1
PTGFR,,hsa04020:Calcium_signaling,0,1
PTH,Calcium,,1,0
PTH1R,Calcium,,1,0
PTH2R,Calcium,,1,0
PTHLH,Calcium,,1,0
PTK2B,,hsa04020:Calcium_signaling,0,1
PVALB,Magnesium,,1,0
RET,,hsa04020:Calcium_signaling,0,1
RUNX2,Calcium,,1,0
RXRA,,hsa04976:Bile_secretion,0,1
RYR1,,hsa04020:Calcium_signaling,0,1
RYR2,,hsa04020:Calcium_signaling,0,1
RYR3,,hsa04020:Calcium_signaling,0,1
S100A1,Magnesium,,1,0
S100A10,Magnesium,,1,0
S100A11,Magnesium,,1,0
S100A12,Magnesium,,1,0
S100A2,Magnesium,,1,0
S100A4,Magnesium,,1,0
S100A6,Magnesium,,1,0
S100A8,Magnesium,,1,0
S100A9,Magnesium,,1,0
S100B,Magnesium,,1,0
S100G,,hsa04978:Mineral_absorption,0,1
SAT1,,hsa04216:Ferroptosis,0,1
SAT2,,hsa04216:Ferroptosis,0,1
SCARB1,,hsa04976:Bile_secretion,0,1
SCNN1A,Sodium,,1,0
SCNN1B,Sodium,,1,0
SCNN1D,Sodium,,1,0
SCNN1G,Sodium,,1,0
SCO1,Copper,,1,0
SCO2,Copper,,1,0
SCT,,hsa04976:Bile_secretion,0,1
SCTR,,hsa04976:Bile_secretion,0,1
SDHA,,hsa00190:Oxidative_phosphorylation,0,1
SDHB,Iron,hsa00190:Oxidative_phosphorylation,1,1
SDHC,Iron,hsa00190:Oxidative_phosphorylation,1,1
SDHD,Iron,hsa00190:Oxidative_phosphorylation,1,1
SELENOF,Selenium,,1,0
SELENOH,Selenium,,1,0
SELENOI,Selenium,,1,0
SELENOK,Selenium,,1,0
SELENOM,Selenium,,1,0
SELENON,Selenium,,1,0
SELENOO,Selenium,,1,0
SELENOP,Selenium,,1,0
SELENOS,Selenium,,1,0
SELENOT,Selenium,,1,0
SELENOV,Selenium,,1,0
SELENOW,Selenium,,1,0
SLC10A1,,hsa04976:Bile_secretion,0,1
SLC10A2,,hsa04976:Bile_secretion,0,1
SLC11A1,Iron,,1,0
SLC11A2,Iron,hsa04216:Ferroptosis;hsa04978:Mineral_absorption,1,2
SLC12A1,Sodium,,1,0
SLC12A2,Sodium,,1,0
SLC12A3,Sodium,,1,0
SLC12A4,Sodium,,1,0
SLC12A5,Sodium,,1,0
SLC12A6,Sodium,,1,0
SLC12A7,Sodium,,1,0
SLC12A8,Sodium,,1,0
SLC12A9,Sodium,,1,0
SLC17A1,Phosphorus,,1,0
SLC17A2,Phosphorus,,1,0
SLC17A3,Phosphorus,,1,0
SLC17A4,Phosphorus,,1,0
SLC17A7,Phosphorus,,1,0
SLC17A8,Phosphorus,,1,0
SLC17A9,Phosphorus,,1,0
SLC20A1,Phosphorus,,1,0
SLC20A2,Phosphorus,,1,0
SLC22A1,,hsa04976:Bile_secretion,0,1
SLC22A7,,hsa04976:Bile_secretion,0,1
SLC22A8,,hsa04976:Bile_secretion,0,1
SLC24A1,Potassium,,1,0
SLC24A2,Potassium,,1,0
SLC24A3,Potassium,,1,0
SLC24A4,Potassium,,1,0
SLC24A5,Potassium,,1,0
SLC25A28,Iron,,1,0
SLC25A31,,hsa04020:Calcium_signaling,0,1
SLC25A37,Iron,,1,0
SLC25A4,,hsa04020:Calcium_signaling,0,1
SLC25A5,,hsa04020:Calcium_signaling,0,1
SLC25A6,,hsa04020:Calcium_signaling,0,1
SLC26A3,,hsa04978:Mineral_absorption,0,1
SLC26A6,,hsa04978:Mineral_absorption,0,1
SLC26A9,,hsa04978:Mineral_absorption,0,1
SLC27A5,,hsa04976:Bile_secretion,0,1
SLC2A1,,hsa04976:Bile_secretion,0,1
SLC30A1,Zinc,hsa04978:Mineral_absorption,1,1
SLC30A10,Manganese;Zinc,,2,0
SLC30A2,Zinc,,1,0
SLC30A3,Zinc,,1,0
SLC30A4,Zinc,,1,0
SLC30A5,Zinc,,1,0
SLC30A6,Zinc,,1,0
SLC30A7,Zinc,,1,0
SLC30A8,Zinc,,1,0
SLC30A9,Zinc,,1,0
SLC31A1,Copper,hsa04978:Mineral_absorption,1,1
SLC31A2,Copper,,1,0
SLC34A1,Phosphorus,hsa04978:Mineral_absorption,1,1
SLC34A2,Phosphorus,hsa04978:Mineral_absorption,1,1
SLC34A3,Phosphorus,hsa04978:Mineral_absorption,1,1
SLC39A1,Zinc,,1,0
SLC39A10,Zinc,,1,0
SLC39A11,Zinc,,1,0
SLC39A12,Zinc,,1,0
SLC39A13,Zinc,,1,0
SLC39A14,Manganese;Zinc,hsa04216:Ferroptosis,2,1
SLC39A2,Zinc,,1,0
SLC39A3,Zinc,,1,0
SLC39A4,Zinc,hsa04978:Mineral_absorption,1,1
SLC39A5,Zinc,,1,0
SLC39A6,Zinc,,1,0
SLC39A7,Zinc,,1,0
SLC39A8,Manganese;Zinc,hsa04216:Ferroptosis,2,1
SLC39A9,Zinc,,1,0
SLC3A2,,hsa04216:Ferroptosis,0,1
SLC40A1,Iron,hsa04216:Ferroptosis;hsa04978:Mineral_absorption,1,2
SLC41A1,Magnesium,,1,0
SLC41A2,Magnesium,,1,0
SLC41A3,Magnesium,,1,0
SLC46A1,,hsa04978:Mineral_absorption,0,1
SLC4A10,Sodium,,1,0
SLC4A2,,hsa04976:Bile_secretion,0,1
SLC4A4,Sodium,hsa04976:Bile_secretion,1,1
SLC4A5,Sodium,hsa04976:Bile_secretion,1,1
SLC4A7,Sodium,,1,0
SLC4A8,Sodium,,1,0
SLC4A9,Sodium,,1,0
SLC51A,,hsa04976:Bile_secretion,0,1
SLC51B,,hsa04976:Bile_secretion,0,1
SLC5A1,,hsa04976:Bile_secretion;hsa04978:Mineral_absorption,0,2
SLC6A19,,hsa04978:Mineral_absorption,0,1
SLC7A11,,hsa04216:Ferroptosis,0,1
SLC8A1,Calcium,hsa04020:Calcium_signaling;hsa04978:Mineral_absorption,1,2
SLC8A2,Calcium,hsa04020:Calcium_signaling;hsa04978:Mineral_absorption,1,2
SLC8A3,Calcium,hsa04020:Calcium_signaling;hsa04978:Mineral_absorption,1,2
SLC9A1,Sodium,hsa04976:Bile_secretion,1,1
SLC9A2,Sodium,,1,0
SLC9A3,Sodium,hsa04976:Bile_secretion;hsa04978:Mineral_absorption,1,2
SLC9A4,Sodium,,1,0
SLC9A5,Sodium,,1,0
SLC9A6,Sodium,,1,0
SLC9A7,Sodium,,1,0
SLC9A8,Sodium,,1,0
SLC9A9,Sodium,,1,0
SLC9B1,Sodium,,1,0
SLC9B2,Sodium,,1,0
SLCO1A2,,hsa04976:Bile_secretion,0,1
SLCO1B1,,hsa04976:Bile_secretion,0,1
SLCO1B3,,hsa04976:Bile_secretion,0,1
SLCO1B3-SLCO1B7,,hsa04976:Bile_secretion,0,1
SLN,,hsa04020:Calcium_signaling,0,1
SOD1,Copper,,1,0
SOD3,Copper,,1,0
SP7,Calcium,,1,0
SPHK1,,hsa04020:Calcium_signaling,0,1
SPHK2,,hsa04020:Calcium_signaling,0,1
SPP1,Calcium;Phosphorus,,2,0
STEAP1,,hsa04978:Mineral_absorption,0,1
STEAP2,,hsa04978:Mineral_absorption,0,1
STEAP3,,hsa04216:Ferroptosis,0,1
STIM1,,hsa04020:Calcium_signaling,0,1
STIM2,,hsa04020:Calcium_signaling,0,1
SULT2A1,,hsa04976:Bile_secretion,0,1
TACR1,,hsa04020:Calcium_signaling,0,1
TACR2,,hsa04020:Calcium_signaling,0,1
TACR3,,hsa04020:Calcium_signaling,0,1
TBXA2R,,hsa04020:Calcium_signaling,0,1
TCIRG1,,hsa00190:Oxidative_phosphorylation,0,1
TF,Iron,hsa04216:Ferroptosis;hsa04978:Mineral_absorption,1,2
TFEB,,hsa04020:Calcium_signaling,0,1
TFR2,Iron,,1,0
TFRC,Iron,hsa04216:Ferroptosis,1,1
TGFA,,hsa04020:Calcium_signaling,0,1
TNFRSF11A,Calcium,,1,0
TNFRSF11B,Calcium,,1,0
TNFSF11,Calcium,,1,0
TNNC1,,hsa04020:Calcium_signaling,0,1
TNNC2,,hsa04020:Calcium_signaling,0,1
TP53,,hsa04216:Ferroptosis,0,1
TPCN1,,hsa04020:Calcium_signaling,0,1
TPCN2,,hsa04020:Calcium_signaling,0,1
TRDN,,hsa04020:Calcium_signaling,0,1
TRHR,,hsa04020:Calcium_signaling,0,1
TRPM6,Magnesium,hsa04978:Mineral_absorption,1,1
TRPM7,Magnesium,hsa04978:Mineral_absorption,1,1
TRPV1,Calcium,,1,0
TRPV2,Calcium,,1,0
TRPV3,Calcium,,1,0
TRPV4,Calcium,,1,0
TRPV5,Calcium,,1,0
TRPV6,Calcium,hsa04978:Mineral_absorption,1,1
TXNRD1,Selenium,,1,0
TXNRD2,Selenium,,1,0
TXNRD3,Selenium,,1,0
TYR,Copper,,1,0
UGT1A1,,hsa04976:Bile_secretion,0,1
UGT1A10,,hsa04976:Bile_secretion,0,1
UGT1A3,,hsa04976:Bile_secretion,0,1
UGT1A4,,hsa04976:Bile_secretion,0,1
UGT1A5,,hsa04976:Bile_secretion,0,1
UGT1A6,,hsa04976:Bile_secretion,0,1
UGT1A7,,hsa04976:Bile_secretion,0,1
UGT1A8,,hsa04976:Bile_secretion,0,1
UGT1A9,,hsa04976:Bile_secretion,0,1
UGT2A1,,hsa04976:Bile_secretion,0,1
UGT2A2,,hsa04976:Bile_secretion,0,1
UGT2A3,,hsa04976:Bile_secretion,0,1
UGT2B10,,hsa04976:Bile_secretion,0,1
UGT2B11,,hsa04976:Bile_secretion,0,1
UGT2B15,,hsa04976:Bile_secretion,0,1
UGT2B17,,hsa04976:Bile_secretion,0,1
UGT2B28,,hsa04976:Bile_secretion,0,1
UGT2B4,,hsa04976:Bile_secretion,0,1
UGT2B7,,hsa04976:Bile_secretion,0,1
UQCR10,,hsa00190:Oxidative_phosphorylation,0,1
UQCR11,,hsa00190:Oxidative_phosphorylation,0,1
UQCRB,,hsa00190:Oxidative_phosphorylation,0,1
UQCRC1,,hsa00190:Oxidative_phosphorylation,0,1
UQCRC2,,hsa00190:Oxidative_phosphorylation,0,1
UQCRFS1,,hsa00190:Oxidative_phosphorylation,0,1
UQCRH,,hsa00190:Oxidative_phosphorylation,0,1
UQCRHL,,hsa00190:Oxidative_phosphorylation,0,1
UQCRQ,,hsa00190:Oxidative_phosphorylation,0,1
VDAC1,,hsa04020:Calcium_signaling,0,1
VDAC2,,hsa04020:Calcium_signaling;hsa04216:Ferroptosis,0,2
VDAC3,,hsa04020:Calcium_signaling;hsa04216:Ferroptosis,0,2
VDR,Calcium,hsa04978:Mineral_absorption,1,1
VEGFA,,hsa04020:Calcium_signaling,0,1
VEGFB,,hsa04020:Calcium_signaling,0,1
VEGFC,,hsa04020:Calcium_signaling,0,1
VEGFD,,hsa04020:Calcium_signaling,0,1
XIAP,Copper,,1,0
XPR1,Phosphorus,,1,0
cytochrome c oxidase subunit NDUFA4-like,,hsa00190:Oxidative_phosphorylation,0,1
immunoglobulin heavy variable 4-38-2-like,,hsa04020:Calcium_signaling,0,1
metallothionein-1E-like,,hsa04978:Mineral_absorption,0,1
