sample,true_label,predicted_label_0.5,predicted_label_optimal,flight_probability,optimal_threshold
C001_L-92,0,0,0,0.12141541272865618,0.17000000000000004
C001_L-44,0,0,1,0.36460302340352274,0.17000000000000004
C001_L-3,0,0,0,0.16365618134475107,0.17000000000000004
C001_R+1,1,0,1,0.4056113705958544,0.17000000000000004
C002_L-92,0,0,0,0.08627180272114837,0.17000000000000004
C002_L-44,0,0,1,0.38475454010829946,0.17000000000000004
C002_L-3,0,1,1,0.9448361773376964,0.17000000000000004
C002_R+1,1,0,1,0.3267911657197876,0.17000000000000004
C003_L-92,0,0,1,0.3966944779409884,0.17000000000000004
C003_L-44,0,0,1,0.21510396179698077,0.17000000000000004
C003_L-3,0,1,1,0.8932299051982586,0.17000000000000004
C003_R+1,1,0,1,0.1846245676021897,0.17000000000000004
C004_L-92,0,1,1,0.5618181486118494,0.17000000000000004
C004_L-44,0,0,0,0.1421189297322656,0.17000000000000004
C004_L-3,0,1,1,0.5576807668606731,0.17000000000000004
C004_R+1,1,0,0,0.001956909783958795,0.17000000000000004
