target,model,r2,rmse,correlation
CALCIUM,Ridge,-0.5920935545301447,0.4325170431986373,-0.014727214072395644
CALCIUM,SVR_linear,-0.6125408874615317,0.43528560081483264,-0.040841606270540315
CALCIUM,SVR_rbf,-0.3588241520469555,0.39957707374862883,-0.3277203895631522
CALCIUM,RF,-0.33038039487291937,0.3953728574365822,-0.2545985469138777
POTASSIUM,Ridge,0.12243601960960637,0.37722092760951503,0.5001025400051253
POTASSIUM,SVR_linear,0.11513877137384065,0.37878604201588795,0.4548222413036879
POTASSIUM,SVR_rbf,0.16296085246494885,0.3684081838112999,0.4123338639818847
POTASSIUM,RF,-0.2242567881902653,0.4455460978437809,-0.3610074458086777
SODIUM,Ridge,0.1588794613826614,1.6444060041761537,0.43155829775029036
SODIUM,SVR_linear,0.19265370787297553,1.6110531280284455,0.4596349942737292
SODIUM,SVR_rbf,-0.38768103631225004,2.1121500199043535,-0.5714194678133636
SODIUM,RF,-0.5858765492102063,2.2579515744364405,-0.5137693795766413
HEMOGLOBIN,Ridge,-0.5940216369921629,2.073838798662829,0.47540577572204573
HEMOGLOBIN,SVR_linear,-0.6146065071473714,2.0871864103453523,0.47703773461926346
HEMOGLOBIN,SVR_rbf,-0.09269195992423662,1.7170255708902231,-0.06256865334736085
HEMOGLOBIN,RF,-0.38094826322143516,1.9302634766820832,-0.13819327639557688
