iron_marker,cbc_marker,nhanes_iron_code,nhanes_cbc_code,n_pairs,pearson_r,p_value
SERUM IRON,HEMOGLOBIN,LBXSIR,LBXHGB,5424,0.42434377190036954,4.560308572373907e-236
SERUM IRON,HEMATOCRIT,LBXSIR,LBXHCT,5424,0.38907506524353686,1.5375822607680745e-195
SERUM IRON,RED BLOOD CELL COUNT,LBXSIR,LBXRBCSI,5424,0.14122267849293726,1.4535852954685453e-25
SERUM IRON,MCH,LBXSIR,LBXMCHSI,5424,0.3787903057290989,1.2719471333300931e-184
SERUM IRON,MCHC,LBXSIR,LBXMC,5428,0.2996231973617766,5.359177975085034e-113
SERUM IRON,MCV,LBXSIR,LBXMCVSI,5424,0.3492615834989619,2.121618798264124e-155
FERRITIN,HEMOGLOBIN,LBXFER,LBXHGB,2187,0.27423641493824924,4.9658849155034406e-39
FERRITIN,HEMATOCRIT,LBXFER,LBXHCT,2187,0.26105718602585515,2.1029807782325527e-35
FERRITIN,RED BLOOD CELL COUNT,LBXFER,LBXRBCSI,2187,0.13900679527557128,6.633981979960087e-11
FERRITIN,MCH,LBXFER,LBXMCHSI,2187,0.20724642024749199,1.2075523665655397e-22
FERRITIN,MCHC,LBXFER,LBXMC,2188,0.18882035540084519,5.221264525768086e-19
FERRITIN,MCV,LBXFER,LBXMCVSI,2187,0.18449680901440044,3.3808935611413866e-18
TRANSFERRIN SATURATION,HEMOGLOBIN,LBDPCT,LBXHGB,1677,0.41166113247004404,1.3689603461596833e-69
TRANSFERRIN SATURATION,HEMATOCRIT,LBDPCT,LBXHCT,1677,0.38308297308576905,9.558454957655705e-60
TRANSFERRIN SATURATION,RED BLOOD CELL COUNT,LBDPCT,LBXRBCSI,1677,0.1130127674355911,3.4937749655438083e-06
TRANSFERRIN SATURATION,MCH,LBDPCT,LBXMCHSI,1677,0.40796222717501845,2.92120504785307e-68
TRANSFERRIN SATURATION,MCHC,LBDPCT,LBXMC,1677,0.30925689568591236,1.7103269631882184e-38
TRANSFERRIN SATURATION,MCV,LBDPCT,LBXMCVSI,1677,0.3846214827383211,2.984179031748473e-60
TIBC,HEMOGLOBIN,LBDTIB,LBXHGB,1677,-0.2225553226417673,2.888569140298273e-20
TIBC,HEMATOCRIT,LBDTIB,LBXHCT,1677,-0.19956539227811568,1.591087217821383e-16
TIBC,RED BLOOD CELL COUNT,LBDTIB,LBXRBCSI,1677,-0.00450652267211889,0.8536911982111187
TIBC,MCH,LBDTIB,LBXMCHSI,1677,-0.298723808939054,6.522775884778318e-36
TIBC,MCHC,LBDTIB,LBXMC,1677,-0.22408419435969051,1.5717049429107986e-20
TIBC,MCV,LBDTIB,LBXMCVSI,1677,-0.2898464366365025,8.091502229334166e-34
