accession,tissue,title,n_files,n_dl
OSD-47,Liver,Rodent Research-1 (RR1) National Lab Validation Flight: Mouse liver transcriptom,396,31
OSD-48,Liver,"Rodent Research-1 (RR1) NASA Validation Flight: Mouse liver transcriptomic, prot",658,42
OSD-99,Extensor digitorum longus- both sides,Rodent Research-1 (RR1) NASA Validation Flight: Mouse extensor digitorum longus ,251,33
OSD-100,left eye,Rodent Research-1 (RR1) NASA Validation Flight: Mouse eye transcriptomic and epi,251,33
OSD-101,Not Applicable; Left gastrocnemius,Rodent Research-1 (RR1) NASA Validation Flight: Mouse left gastrocnemius muscle ,268,34
OSD-102,Not Applicable; Left kidney,"Rodent Research-1 (RR1) NASA Validation Flight: Mouse kidney transcriptomic, pro",268,34
OSD-103,Not Applicable; Left quadriceps femoris,Rodent Research-1 (RR1) NASA Validation Flight: Mouse quadriceps muscle transcri,573,36
OSD-104,Soleus-both sides,Rodent Research-1 (RR1) NASA Validation Flight: Mouse soleus muscle transcriptom,251,33
OSD-105,Not Applicable; Left tibialis anterior,Rodent Research-1 (RR1) NASA Validation Flight: Mouse tibialis anterior muscle t,569,36
OSD-137,Liver,"Rodent Research-3-CASIS: Mouse liver transcriptomic, proteomic, epigenomic and h",414,23
OSD-162,eye,Rodent Research-3-CASIS: Mouse eye transcriptomic and proteomic data,292,39
OSD-163,Left kidney,"Rodent Research-3-CASIS: Mouse kidney transcriptomic, proteomic, and epigenomic ",361,45
OSD-164,Spleen; Liver,Effects of spaceflight on the immunoglobulin repertoire of unimmunized C57BL/6 m,230,27
OSD-168,Liver,RR-1 and RR-3 mouse liver transcriptomics with and without ERCC control RNA spik,919,113
OSD-173,Liver,STS-135: Mouse Liver Transcriptomics using RNA-Seq,137,21
OSD-238,dorsal skin,Transcriptomic analysis of dorsal skin from mice flown on the MHU-2 mission,565,57
OSD-239,femoral skin,Transcriptomic analysis of femoral skin from mice flown on the MHU-2 mission,543,55
OSD-240,dorsal skin,Transcriptional analysis of dorsal skin from mice flown on the RR-5 mission,477,49
OSD-241,femoral lateral skin,Transcriptional analysis of femoral skin from mice flown on the RR-5 mission,455,47
OSD-242,Liver,Effect of spaceflight on liver from mice flown on the ISS for 33 days: transcrip,544,55
OSD-243,dorsal skin,Transcriptional analysis of dorsal skin from mice flown on the RR-6 mission,1203,115
OSD-244,Thymus,Transcriptional analysis of thymus from mice flown on the RR-6 Mission,947,123
OSD-245,Liver,Transcriptional analysis of liver from mice flown on the RR-6 mission,1196,62
OSD-246,Spleen,Transcriptional analysis of spleen from mice flown on the RR-6 mission,739,97
OSD-248,Left Lung,Transcriptional analysis of lung from mice flown on the RR-6 mission,1313,125
OSD-253,Left kidney,Transcriptional analysis of kidneys from mice flown on the RR-7 mission,1827,190
OSD-254,dorsal skin,Transcriptional analysis of dorsal skin from mice flown on the RR-7 mission,1797,169
OSD-270,Heart,Bulk and spatially resolved transcriptional analysis of hearts from mice flown o,372,19
OSD-288,Spleen,Transcriptome analysis of murine spleen in space,178,27
OSD-289,thymus,Impact of spaceflight on gene expression in the thymus,322,45
OSD-326,Quadriceps femoris,Gene-metabolite network linked to inhibited bioenergetics in association with sp,178,25
OSD-352,Brain,Multi-modal transcriptional and chromatin accessibility analysis of brains from ,228,21
OSD-379,Left Lobe of the Liver,Transcriptional profiling of livers from mice flown on Rodent Research Reference,2291,288
OSD-401,Quadriceps femoris; Gastrocnemius,Alternative splicing regulates the physiological adaptation of the mouse hind li,180,27
OSD-402,Bone marrow of femur,Single cell transcriptional profiling of femur bone marrow from mice flown on Ro,165,0
OSD-403,Bone marrow of humerus,Single cell transcriptional profiling of humerus bone marrow from mice flown on ,165,0
OSD-404,peripheral blood mononuclear cell,Single cell transcriptional profiling of peripheral blood mononuclear cells (PBM,165,0
OSD-405,Spleen,Single cell transcriptional profiling of spleens from mice flown on Rodent Resea,165,0
OSD-419,Right gastrocnemius,Transcriptional profiling of the right gastrocnemius muscle from mice flown on t,189,33
OSD-420,Spleen-distal,Transcriptional profiling of spleens from mice flown on the RR-9 mission,293,46
OSD-421,thymus,Transcriptional profiling of thymus from mice flown on the RR-9 mission,294,43
OSD-426,Cells,Cerium oxide nanoparticle administration to skeletal muscle cells under differen,394,45
OSD-457,Mandible; Spleen; Liver; Temporal Bone; thymus; white adipose tissue; brown adipose tissue; Cerebrum; Kidney,Expression profiles in multiple tissues of WT and Nrf2-knockout mouse under spac,2329,382
OSD-462,Left kidney,"Transcriptional profiling, protein expression profiling, and phosphoprotein prof",2178,300
OSD-463,Left Lobe of the Liver,Transcriptional profiling of livers from mice flown on the RR-23 mission,530,68
OSD-464,Left Lung,Transcriptional profiling of lungs from mice flown on the RR-23 mission,484,60
OSD-506,Spleen,Transcriptional profiling of spleens from mice flown on the RR-23 mission,483,61
OSD-513,Left kidney,Transcriptional profiling of kidneys from mice flown on the RR-23 mission,515,66
OSD-515,thymus,Transcriptional profiling of thymus from mice flown on the RR-23 mission,515,58
OSD-576,Right tibialis anterior,Transcriptional profiling of tibialis anterior muscle from mice flown on the RR-,468,63
OSD-580,Heart; heart right ventricle,Transcriptional profiling of heart tissue from mice flown on the RRRM-2 mission,1036,81
OSD-599,Heart,Transcriptomic Effects on the Mouse Heart Following 30 Days on the International,131,22
OSD-612,Left cerebral hemisphere,Bulk RNA sequencing and single nuclei transcriptomics and epigenomics of brain t,233,27
OSD-613,Left cerebral hemisphere,Bulk RNA sequencing and single nuclei transcriptomics and epigenomics of brain t,417,45
OSD-665,Right extensor digitorum longus,Transcriptional profiling of right extensor digitorum longus muscle from mice fl,515,69
OSD-666,Right quadriceps femoris,Transcriptional profiling of right quadriceps femoris muscle from mice flown on ,498,67
OSD-686,Liver,Impact of spaceflight and artificial gravity on sulfur metabolism in mouse liver,178,27
OSD-690,Bone Marrow,Nrf2 alleviates spaceflight-induced immunosuppression and thrombotic microangiop,419,58
OSD-714,Soleus,Lunar gravity prevents skeletal muscle atrophy but not myofiber type shift in mi,370,51
OSD-770,Right soleus,Transcriptional profiling of soleus muscle from mice flown on the RR-23 mission,515,69
OSD-771,Right kidney,Transcriptional profiling of kidney tissue from mice flown on the Rodent Researc,1316,169
OSD-793,femoral skin,Mission SpaceX CRS-16 RRRM-1 space flight induced skin genomic plasticity via an,69,0
OSD-900,Right Lung,Transcriptional profiling of lungs from mice flown on the RR-10 mission,791,93
OSD-904,subcutaneous adipose tissue,MicroRNAs shape mouse age-independent tissue adaptation to spaceflight via ECM a,79,0
OSD-905,Liver,MicroRNAs shape mouse age-independent tissue adaptation to spaceflight via ECM a,79,0
OSD-906,Brown Adipose Tissue,MicroRNAs shape mouse age-independent tissue adaptation to spaceflight via ECM a,81,0
OSD-907,thymus,MicroRNAs shape mouse age-independent tissue adaptation to spaceflight via ECM a,61,0
OSD-908,Heart,MicroRNAs shape mouse age-independent tissue adaptation to spaceflight via ECM a,53,0
OSD-909,Pancreas,MicroRNAs shape mouse age-independent tissue adaptation to spaceflight via ECM a,60,0
OSD-910,Spleen,MicroRNAs shape mouse age-independent tissue adaptation to spaceflight via ECM a,50,0
OSD-911,gonadal adipose tissue,MicroRNAs shape mouse age-independent tissue adaptation to spaceflight via ECM a,81,0
OSD-912,mesenteric adipose tissue,MicroRNAs shape mouse age-independent tissue adaptation to spaceflight via ECM a,78,0
OSD-913,Kidney,MicroRNAs shape mouse age-independent tissue adaptation to spaceflight via ECM a,60,0
OSD-915,Lung,MicroRNAs shape mouse age-independent tissue adaptation to spaceflight via ECM a,77,0
OSD-916,brain,MicroRNAs shape mouse age-independent tissue adaptation to spaceflight via ECM a,28,0
OSD-918,Blood,Spaceflight induces systemic effects on extracellular matrix and immune system i,19,0
OSD-919,"femurs, hip bones and vertebral columns",Spaceflight induces systemic effects on extracellular matrix and immune system i,19,0
OSD-920,eye,Spaceflight induces systemic effects on extracellular matrix and immune system i,19,0
OSD-921,Heart Atria,Spaceflight induces systemic effects on extracellular matrix and immune system i,19,0
OSD-922,Heart Ventricles,Spaceflight induces systemic effects on extracellular matrix and immune system i,19,0
OSD-924,limb muscle,Spaceflight induces systemic effects on extracellular matrix and immune system i,19,0
OSD-926,Bone Marrow,Spaceflight induces systemic effects on extracellular matrix and immune system i,17,0
OSD-928,myeloid forebrain,Spaceflight induces systemic effects on extracellular matrix and immune system i,19,0
OSD-931,non-myeloid forebrain,Spaceflight induces systemic effects on extracellular matrix and immune system i,19,0
