Term,C001_L-3,C001_L-44,C001_L-92,C001_R+1,C002_L-3,C002_L-44,C002_L-92,C002_R+1,C003_L-3,C003_L-44,C003_L-92,C003_R+1,C004_L-3,C004_L-44,C004_L-92,C004_R+1
KEGG_hsa00190,0.5466051406727721,0.5716493176111302,0.5668664837384046,0.5531694921655279,0.5885809217995953,0.584013023213403,0.5631104642844494,0.5035799331671738,0.5815379972045635,0.5759020298062025,0.5791659360270949,0.5735180873900974,0.5744134250399089,0.6046429407464237,0.56657978128827,0.5922330198544182
KEGG_hsa04020,0.0443390843483851,-0.0028854833127697,-0.0441463473235616,0.0328300498488637,0.0723786421781595,-0.0271709482962155,0.0202947668833742,0.0123650681491607,0.0648286691797749,-0.0218466731254997,0.0126237223452576,-0.0076727166029255,0.0436354337322456,0.0021843275205091,0.0200183283883881,0.0865623221792691
KEGG_hsa04216,0.6418319531308213,0.6502386269629584,0.6135335281842018,0.6914391523035274,0.670533803493453,0.6869919794721494,0.6577765798281533,0.6883202685080817,0.6441035481822484,0.6331728127348075,0.6023875077254328,0.6379578832726678,0.6729775942663496,0.6541876611132236,0.603769734315638,0.6626687804818213
KEGG_hsa04976,0.0654095706029296,0.069896964061517,0.1292397208454145,0.0867100225791997,0.1867673262101767,0.1115920341718629,0.1760115858015248,0.0907089686867895,0.1722104218296679,0.1230831316876907,0.1316291544629673,0.0681023682530502,0.1362384695982998,0.0984158412616109,0.1167630282944761,0.1405166686962736
KEGG_hsa04978,0.2813243468241761,0.2621636288098883,0.2667026829736397,0.2453671197671623,0.3295934302129712,0.2913025730358805,0.3032207560161766,0.2464504394997882,0.2586905275608999,0.2902892490601604,0.2731927746059416,0.262788942168401,0.3237942634924761,0.2893528204142398,0.277612295673751,0.2936864940347221
MINERAL_Calcium,0.2734192880908935,0.1927277059510219,0.1929991967370585,0.2092655314088142,0.2507029915331742,0.2376102901839579,0.2065985550232315,0.2367164315728906,0.2409296824827696,0.1958060840739087,0.1848474575701976,0.1852167704698244,0.2217896624988775,0.1858559918875933,0.2112037545017971,0.2375283554442098
MINERAL_Copper,0.4011067112937199,0.4187553960300351,0.3169060462566848,0.4300178520431969,0.4375443346310478,0.365982988404014,0.4217704828609583,0.3932040060252788,0.4272157133096802,0.3255870531139989,0.4756517088558984,0.461632206312858,0.4509093043962049,0.4236289899179808,0.3986942056025288,0.4258582671337477
MINERAL_Iron,0.4867088545196305,0.5069242488830564,0.51977842674198,0.5820827764893469,0.5978685571134325,0.5944732338888161,0.517650493086691,0.5338992524932964,0.5670915757800268,0.4506188420192788,0.4386670252596183,0.5602689876052508,0.5475295055956011,0.5476129310460087,0.5413946212017167,0.5572240934364158
MINERAL_Magnesium,0.5327501483828786,0.3831453450101747,0.353664825265864,0.4143622984557863,0.5993567544832976,0.3370540830828126,0.3568252007788113,0.4281623476653832,0.4606656385706462,0.4546356718958934,0.3986011094898298,0.4071620094801355,0.5892012585877018,0.4118082288256744,0.5026954924478451,0.5129630613538972
MINERAL_Manganese,0.4574237215143232,0.4786843478788337,0.5765574888480995,0.5469918814727621,0.5449773919990879,0.5951174317407165,0.5566465924402657,0.4535525983771395,0.5063364415201163,0.5051549912399675,0.4759103438687739,0.5896951772611533,0.4859007648605407,0.505481476149615,0.4143284703632616,0.3829970732020345
MINERAL_Phosphorus,0.0729253814681756,0.0688397362688863,0.0725714144731463,0.11534087209271,0.2043093025063584,0.1417662426883987,0.1834573854180323,0.0995836827628578,0.0789362305494202,0.0973078748157001,0.084615271669885,0.0426610101391529,0.1237111993011611,0.0699166795697551,0.0697138976825431,0.1272689482571924
MINERAL_Potassium,-0.2158507068099183,-0.2574283870408395,-0.2390971517217417,-0.2243794500551232,-0.2002674526940635,-0.2549964835811054,-0.2593506216329519,-0.3085608476964727,-0.2225563505273262,-0.2237014134520052,-0.2123248648046999,-0.2517067093181709,-0.1723865420027017,-0.264827014693539,-0.2375264273408244,-0.1450734669073638
MINERAL_Selenium,0.4149184166873429,0.4126273755386719,0.4164209220424201,0.4032874526892077,0.3509970195548766,0.4311996100147122,0.3985639315745797,0.3723259540568866,0.3847360507730114,0.3665313524418163,0.4098567725238995,0.3825458792657724,0.3984055601060357,0.4113441578593159,0.3985318709854119,0.4001252545659353
MINERAL_Sodium,0.3054735551748817,0.2875073908658158,0.2789696112590971,0.241087396920931,0.3521830569939573,0.2940040371993816,0.3308447502708483,0.2740139041120171,0.2912002116487706,0.3326610300136736,0.2998669342969,0.2888318374732443,0.3057206148024535,0.3015960297646668,0.2780987999721944,0.3314722036331068
MINERAL_Zinc,0.4617750670084192,0.431297505443773,0.4552525195431668,0.4217976629871044,0.4319666849621295,0.4652707537977668,0.4470892881651718,0.395261867399054,0.4080133469893796,0.4408009514869563,0.4390096101927202,0.4441423155721756,0.4058755871109598,0.4635719210153043,0.4121161375430145,0.3994997311571327
