tissue,pathway,n_concordant,n_total,concordance_pct,binom_p
liver,Calcium,298,610,48.85245901639344,0.728167340476522
liver,Copper,118,227,51.98237885462555,0.2977657214384056
liver,Iron,176,364,48.35164835164835,0.7521594592125186
liver,Magnesium,68,139,48.92086330935252,0.6327303413635013
liver,Manganese,18,30,60.0,0.1807973040267825
liver,Phosphorus,88,190,46.31578947368421,0.8617684938420983
liver,Potassium,210,413,50.84745762711864,0.3839258555755233
liver,Selenium,117,243,48.148148148148145,0.7393586831252672
liver,Sodium,171,334,51.19760479041916,0.3508817556711859
liver,Zinc,114,233,48.927038626609445,0.6528230246144454
liver,hsa00190:Oxidative_phosphorylation,517,1011,51.137487636003954,0.2445075392107976
liver,hsa04020:Calcium_signaling,941,1932,48.70600414078675,0.8770381793969285
liver,hsa04216:Ferroptosis,180,375,48.0,0.7956482916708492
liver,hsa04976:Bile_secretion,337,683,49.341142020497806,0.6489915983556677
liver,hsa04978:Mineral_absorption,211,420,50.23809523809524,0.4805451936508105
muscle,Calcium,402,827,48.60943168077388,0.7980105243084272
muscle,Copper,123,271,45.38745387453874,0.9429595876375438
muscle,Iron,208,442,47.05882352941177,0.9005017454277309
muscle,Magnesium,87,165,52.72727272727273,0.26677244681542317
muscle,Manganese,15,32,46.875,0.7016925520729274
muscle,Phosphorus,109,213,51.17370892018779,0.3920516915939389
muscle,Potassium,272,612,44.44444444444444,0.997378774982502
muscle,Selenium,139,276,50.36231884057971,0.4760082380869695
muscle,Sodium,210,433,48.49884526558891,0.7494391106432394
muscle,Zinc,111,253,43.873517786561266,0.9779874301394482
muscle,hsa00190:Oxidative_phosphorylation,665,1243,53.49959774738536,0.0073416443221488
muscle,hsa04020:Calcium_signaling,1279,2533,50.493485984998024,0.3167341515129896
muscle,hsa04216:Ferroptosis,232,455,50.989010989010985,0.3538352392389926
muscle,hsa04976:Bile_secretion,316,666,47.447447447447445,0.9125084239613052
muscle,hsa04978:Mineral_absorption,253,505,50.0990099009901,0.4999999999999992
kidney,Calcium,212,435,48.735632183908045,0.7174496550636849
kidney,Copper,75,139,53.9568345323741,0.198207542475863
kidney,Iron,115,221,52.036199095022624,0.29529103074506
kidney,Magnesium,47,84,55.95238095238095,0.16306708559599145
kidney,Manganese,14,16,87.5,0.0020904541015625
kidney,Phosphorus,66,133,49.62406015037594,0.5687982543664036
kidney,Potassium,151,324,46.60493827160494,0.8993726159788189
kidney,Selenium,82,153,53.59477124183007,0.2094602624532471
kidney,Sodium,114,236,48.30508474576271,0.7209657852565566
kidney,Zinc,72,135,53.333333333333336,0.2456312288914616
kidney,hsa00190:Oxidative_phosphorylation,356,647,55.02318392581144,0.005903965506391
kidney,hsa04020:Calcium_signaling,621,1294,47.990726429675426,0.9296879049835116
kidney,hsa04216:Ferroptosis,117,228,51.31578947368421,0.3703129651260312
kidney,hsa04976:Bile_secretion,229,416,55.04807692307692,0.0221406475581298
kidney,hsa04978:Mineral_absorption,151,278,54.31654676258993,0.0838209108818301
muscle_soleus,Calcium,90,212,42.45283018867924,0.9884011759359074
muscle_soleus,Copper,30,68,44.11764705882353,0.8625048019144997
muscle_soleus,Iron,56,111,50.450450450450454,0.5000000000000002
muscle_soleus,Magnesium,23,42,54.76190476190476,0.32198447818518616
muscle_soleus,Manganese,3,8,37.5,0.85546875
muscle_soleus,Phosphorus,31,58,53.44827586206897,0.3470020470380659
muscle_soleus,Potassium,73,162,45.06172839506173,0.9092550630356068
muscle_soleus,Selenium,36,72,50.0,0.5468528376484595
muscle_soleus,Sodium,55,109,50.45871559633027,0.5
muscle_soleus,Zinc,33,67,49.25373134328358,0.5964026543164876
muscle_soleus,hsa00190:Oxidative_phosphorylation,179,313,57.18849840255591,0.0063784687881914
muscle_soleus,hsa04020:Calcium_signaling,296,652,45.39877300613497,0.9915846586130465
muscle_soleus,hsa04216:Ferroptosis,59,114,51.75438596491228,0.3894380460013505
muscle_soleus,hsa04976:Bile_secretion,78,179,43.57541899441341,0.9637291651204368
muscle_soleus,hsa04978:Mineral_absorption,70,131,53.43511450381679,0.2423601090642651
muscle_gastrocnemius,Calcium,59,129,45.736434108527135,0.8546560726096315
muscle_gastrocnemius,Copper,18,44,40.90909090909091,0.9129144263646368
muscle_gastrocnemius,Iron,32,72,44.44444444444444,0.8556078597929475
muscle_gastrocnemius,Magnesium,13,25,52.0,0.5
muscle_gastrocnemius,Manganese,4,5,80.0,0.1875
muscle_gastrocnemius,Phosphorus,15,33,45.45454545454545,0.7565748791676015
muscle_gastrocnemius,Potassium,43,95,45.26315789473684,0.8475574046488621
muscle_gastrocnemius,Selenium,21,46,45.65217391304348,0.7693044089316174
muscle_gastrocnemius,Sodium,28,68,41.1764705882353,0.9428728465750384
muscle_gastrocnemius,Zinc,18,41,43.90243902439025,0.8255555602754612
muscle_gastrocnemius,hsa00190:Oxidative_phosphorylation,107,208,51.44230769230769,0.3644592769462318
muscle_gastrocnemius,hsa04020:Calcium_signaling,204,387,52.713178294573645,0.1546567051194576
muscle_gastrocnemius,hsa04216:Ferroptosis,40,75,53.333333333333336,0.3222319569471128
muscle_gastrocnemius,hsa04976:Bile_secretion,54,110,49.09090909090909,0.6124985085846875
muscle_gastrocnemius,hsa04978:Mineral_absorption,36,78,46.15384615384615,0.7858964821412097
muscle_tibialis_anterior,Calcium,72,140,51.42857142857143,0.399978207043933
muscle_tibialis_anterior,Copper,22,46,47.82608695652174,0.6706309614881718
muscle_tibialis_anterior,Iron,31,74,41.891891891891895,0.9349111598404364
muscle_tibialis_anterior,Magnesium,14,28,50.0,0.5747229903936386
muscle_tibialis_anterior,Manganese,3,6,50.0,0.65625
muscle_tibialis_anterior,Phosphorus,16,36,44.44444444444444,0.7974838769296184
muscle_tibialis_anterior,Potassium,50,102,49.01960784313726,0.6166978693740741
muscle_tibialis_anterior,Selenium,22,45,48.888888888888886,0.6170040878776035
muscle_tibialis_anterior,Sodium,32,74,43.24324324324324,0.8996608984353072
muscle_tibialis_anterior,Zinc,21,43,48.83720930232558,0.619604178719328
muscle_tibialis_anterior,hsa00190:Oxidative_phosphorylation,102,206,49.51456310679612,0.5827518584200815
muscle_tibialis_anterior,hsa04020:Calcium_signaling,226,429,52.68065268065268,0.1440733877537853
muscle_tibialis_anterior,hsa04216:Ferroptosis,41,76,53.94736842105263,0.2832867211993425
muscle_tibialis_anterior,hsa04976:Bile_secretion,56,112,50.0,0.5376124531713863
muscle_tibialis_anterior,hsa04978:Mineral_absorption,43,86,50.0,0.542894181458775
muscle_EDL,Calcium,63,136,46.3235294117647,0.8272037170695573
muscle_EDL,Copper,20,46,43.47826086956522,0.8490021934051697
muscle_EDL,Iron,34,74,45.945945945945944,0.7920074012463477
muscle_EDL,Magnesium,15,28,53.57142857142857,0.4252770096063614
muscle_EDL,Manganese,2,5,40.0,0.8125
muscle_EDL,Phosphorus,14,33,42.42424242424242,0.8518968157004565
muscle_EDL,Potassium,47,101,46.53465346534654,0.786919992266503
muscle_EDL,Selenium,25,45,55.55555555555556,0.2757421649012599
muscle_EDL,Sodium,35,71,49.29577464788732,0.593705675296919
muscle_EDL,Zinc,15,40,37.5,0.9596547661240038
muscle_EDL,hsa00190:Oxidative_phosphorylation,100,206,48.54368932038835,0.6870697102498968
muscle_EDL,hsa04020:Calcium_signaling,223,426,52.347417840375584,0.1786492495587524
muscle_EDL,hsa04216:Ferroptosis,42,76,55.26315789473684,0.2110955524961578
muscle_EDL,hsa04976:Bile_secretion,58,103,56.310679611650485,0.1184509388901462
muscle_EDL,hsa04978:Mineral_absorption,41,81,50.617283950617285,0.4999999999999996
muscle_quadriceps,Calcium,118,210,56.19047619047619,0.04212693327454122
muscle_quadriceps,Copper,33,67,49.25373134328358,0.5964026543164876
muscle_quadriceps,Iron,55,111,49.549549549549546,0.5752249063427732
muscle_quadriceps,Magnesium,22,42,52.38095238095238,0.4388071643761577
muscle_quadriceps,Manganese,3,8,37.5,0.85546875
muscle_quadriceps,Phosphorus,33,53,62.264150943396224,0.0491853242202459
muscle_quadriceps,Potassium,59,152,38.81578947368421,0.9978145309636908
muscle_quadriceps,Selenium,35,68,51.47058823529411,0.4517986728417563
muscle_quadriceps,Sodium,60,111,54.054054054054056,0.2239030660718742
muscle_quadriceps,Zinc,24,62,38.70967741935484,0.9720513866501443
muscle_quadriceps,hsa00190:Oxidative_phosphorylation,177,310,57.096774193548384,0.0072322438923472
muscle_quadriceps,hsa04020:Calcium_signaling,330,639,51.64319248826291,0.2144285389175328
muscle_quadriceps,hsa04216:Ferroptosis,50,114,43.85964912280702,0.9201192461074909
muscle_quadriceps,hsa04976:Bile_secretion,70,162,43.20987654320987,0.9647873833121916
muscle_quadriceps,hsa04978:Mineral_absorption,63,129,48.83720930232558,0.6375728165141209
