feature_space,classifier,n_features,pooled_auc,perm_null_mean,perm_null_std,p_value
DAE,LogReg,16,0.5089285714285714,0.495375,0.1294715749179513,0.462
DAE,SVM_rbf,16,0.1875,0.4389107142857143,0.1157447449439621,0.998
DAE,SVM_linear,16,0.3616071428571428,0.4433125,0.1206747541330684,0.736
DAE,RF,16,0.7276785714285714,0.4908303571428571,0.1101077028824783,0.02
VAE,LogReg,16,0.2857142857142857,0.5001071428571429,0.1264822373993717,0.946
VAE,SVM_rbf,16,0.2232142857142857,0.41425,0.1016905821096325,0.986
VAE,SVM_linear,16,0.4553571428571428,0.4433035714285714,0.1092013928319074,0.452
VAE,RF,16,0.6205357142857143,0.4874107142857143,0.1189475062683071,0.142
Transformer,LogReg,16,0.3660714285714285,0.4856785714285714,0.1157988502727457,0.868
Transformer,SVM_rbf,16,0.6607142857142857,0.3848571428571428,0.0946387229555273,0.01
Transformer,SVM_linear,16,0.5178571428571428,0.4161339285714285,0.1024189462222718,0.174
Transformer,RF,16,0.53125,0.4828571428571429,0.1107728099926758,0.314
Raw_779,LogReg,779,0.4285714285714286,0.5065714285714286,0.1277672968441343,0.714
Raw_779,SVM_rbf,779,0.4821428571428571,0.4542232142857143,0.1364688758130907,0.41
Raw_779,SVM_linear,779,0.4017857142857143,0.4450089285714285,0.1152869157503998,0.622
Raw_779,RF,779,0.6205357142857143,0.4793839285714285,0.1365639576347743,0.172
Multiomics_15,LogReg,15,0.5535714285714286,0.4971607142857143,0.1149564843911444,0.31
Multiomics_15,SVM_rbf,15,0.2053571428571428,0.4465357142857142,0.1408400724950401,0.97
Multiomics_15,SVM_linear,15,0.4196428571428571,0.4683392857142857,0.1089069372544414,0.696
Multiomics_15,RF,15,0.5982142857142857,0.4780625,0.1171548512342941,0.172
Ensemble_concat,LogReg,32,0.4196428571428571,0.498625,0.12071424741123653,0.748
Ensemble_concat,SVM_rbf,32,0.20535714285714285,0.407875,0.09876464144880091,0.994
Ensemble_concat,SVM_linear,32,0.4821428571428571,0.4270982142857143,0.11586942415255147,0.322
Ensemble_concat,RF,32,0.6919642857142857,0.4847053571428571,0.10352297627439613,0.024
Ensemble_avg,DAE_RF+TFL_SVMrbf,32,0.75,0.45766071428571425,0.1162085165724939,0.008
