target,model,sample_id,astronaut_id,true_value,predicted
CALCIUM,Ridge,C001_L-92,C001,9.7,9.860663678753362
CALCIUM,Ridge,C001_L-44,C001,10.0,9.559285279285307
CALCIUM,Ridge,C001_L-3,C001,9.6,9.923353725181112
CALCIUM,Ridge,C001_R+1,C001,9.7,9.488815012751935
CALCIUM,Ridge,C002_L-92,C002,10.2,9.283261665351375
CALCIUM,Ridge,C002_L-44,C002,9.7,9.926645116640964
CALCIUM,Ridge,C002_L-3,C002,9.3,9.541847177952032
CALCIUM,Ridge,C002_R+1,C002,9.2,9.38281205774955
CALCIUM,Ridge,C003_L-92,C003,9.3,9.795165848768638
CALCIUM,Ridge,C003_L-44,C003,10.3,9.605672967725877
CALCIUM,Ridge,C003_L-3,C003,9.5,9.669562775800214
CALCIUM,Ridge,C003_R+1,C003,9.4,10.875154396906021
CALCIUM,Ridge,C004_L-92,C004,10.0,9.578444714955262
CALCIUM,Ridge,C004_L-44,C004,10.1,9.848143931042353
CALCIUM,Ridge,C004_L-3,C004,10.2,9.554714234536016
CALCIUM,Ridge,C004_R+1,C004,9.8,9.51559891599788
CALCIUM,SVR_linear,C001_L-92,C001,9.7,9.948044829108719
CALCIUM,SVR_linear,C001_L-44,C001,10.0,9.60207089029651
CALCIUM,SVR_linear,C001_L-3,C001,9.6,9.812220097162731
CALCIUM,SVR_linear,C001_R+1,C001,9.7,9.645193845089103
CALCIUM,SVR_linear,C002_L-92,C002,10.2,9.667520663816378
CALCIUM,SVR_linear,C002_L-44,C002,9.7,9.830122934387484
CALCIUM,SVR_linear,C002_L-3,C002,9.3,9.540059960012183
CALCIUM,SVR_linear,C002_R+1,C002,9.2,9.687483322395055
CALCIUM,SVR_linear,C003_L-92,C003,9.3,9.658876632822972
CALCIUM,SVR_linear,C003_L-44,C003,10.3,9.673123340587741
CALCIUM,SVR_linear,C003_L-3,C003,9.5,9.851199988235404
CALCIUM,SVR_linear,C003_R+1,C003,9.4,10.376366427872345
CALCIUM,SVR_linear,C004_L-92,C004,10.0,9.52699386622003
CALCIUM,SVR_linear,C004_L-44,C004,10.1,9.729971866798632
CALCIUM,SVR_linear,C004_L-3,C004,10.2,9.576744999497874
CALCIUM,SVR_linear,C004_R+1,C004,9.8,9.81425666258862
CALCIUM,SVR_rbf,C001_L-92,C001,9.7,9.834572642601533
CALCIUM,SVR_rbf,C001_L-44,C001,10.0,9.894956847047885
CALCIUM,SVR_rbf,C001_L-3,C001,9.6,9.716518180053816
CALCIUM,SVR_rbf,C001_R+1,C001,9.7,9.854478021331468
CALCIUM,SVR_rbf,C002_L-92,C002,10.2,9.62645283818535
CALCIUM,SVR_rbf,C002_L-44,C002,9.7,9.97873491513559
CALCIUM,SVR_rbf,C002_L-3,C002,9.3,9.633906242427777
CALCIUM,SVR_rbf,C002_R+1,C002,9.2,9.638097753457798
CALCIUM,SVR_rbf,C003_L-92,C003,9.3,9.75440609840667
CALCIUM,SVR_rbf,C003_L-44,C003,10.3,9.825498252454409
CALCIUM,SVR_rbf,C003_L-3,C003,9.5,9.755304867327162
CALCIUM,SVR_rbf,C003_R+1,C003,9.4,9.749243709009999
CALCIUM,SVR_rbf,C004_L-92,C004,10.0,9.58923644736173
CALCIUM,SVR_rbf,C004_L-44,C004,10.1,9.723412997934977
CALCIUM,SVR_rbf,C004_L-3,C004,10.2,9.673310585858744
CALCIUM,SVR_rbf,C004_R+1,C004,9.8,9.562806867892688
CALCIUM,RandomForest,C001_L-92,C001,9.7,9.82233095238095
CALCIUM,RandomForest,C001_L-44,C001,10.0,9.690399999999995
CALCIUM,RandomForest,C001_L-3,C001,9.6,9.848100000000002
CALCIUM,RandomForest,C001_R+1,C001,9.7,9.678483333333329
CALCIUM,RandomForest,C002_L-92,C002,10.2,9.816466666666663
CALCIUM,RandomForest,C002_L-44,C002,9.7,9.926550000000002
CALCIUM,RandomForest,C002_L-3,C002,9.3,9.792599999999997
CALCIUM,RandomForest,C002_R+1,C002,9.2,9.84305
CALCIUM,RandomForest,C003_L-92,C003,9.3,9.7828380952381
CALCIUM,RandomForest,C003_L-44,C003,10.3,9.770666666666674
CALCIUM,RandomForest,C003_L-3,C003,9.5,9.660338095238096
CALCIUM,RandomForest,C003_R+1,C003,9.4,9.794050000000004
CALCIUM,RandomForest,C004_L-92,C004,10.0,9.701938095238093
CALCIUM,RandomForest,C004_L-44,C004,10.1,9.66857142857143
CALCIUM,RandomForest,C004_L-3,C004,10.2,9.623204761904763
CALCIUM,RandomForest,C004_R+1,C004,9.8,9.596926190476196
POTASSIUM,Ridge,C001_L-92,C001,4.6,4.204101865056826
POTASSIUM,Ridge,C001_L-44,C001,4.2,3.4175932435159675
POTASSIUM,Ridge,C001_L-3,C001,3.9,3.403841737625794
POTASSIUM,Ridge,C001_R+1,C001,4.4,3.468835253504686
POTASSIUM,Ridge,C002_L-92,C002,3.9,3.626091217094719
POTASSIUM,Ridge,C002_L-44,C002,4.0,4.037345845538149
POTASSIUM,Ridge,C002_L-3,C002,3.8,4.3402884253426715
POTASSIUM,Ridge,C002_R+1,C002,3.5,3.7311800331232274
POTASSIUM,Ridge,C003_L-92,C003,3.7,4.382005853319897
POTASSIUM,Ridge,C003_L-44,C003,3.5,4.359189861399207
POTASSIUM,Ridge,C003_L-3,C003,3.3,4.263937109249186
POTASSIUM,Ridge,C003_R+1,C003,3.0,4.932271309153258
POTASSIUM,Ridge,C004_L-92,C004,4.2,4.0544707737954475
POTASSIUM,Ridge,C004_L-44,C004,4.2,4.155779374579743
POTASSIUM,Ridge,C004_L-3,C004,3.7,4.058324430788762
POTASSIUM,Ridge,C004_R+1,C004,4.0,4.1154465119679315
POTASSIUM,SVR_linear,C001_L-92,C001,4.6,4.199744034092117
POTASSIUM,SVR_linear,C001_L-44,C001,4.2,3.4609880079972113
POTASSIUM,SVR_linear,C001_L-3,C001,3.9,3.470290042693234
POTASSIUM,SVR_linear,C001_R+1,C001,4.4,3.493821921678871
POTASSIUM,SVR_linear,C002_L-92,C002,3.9,3.7750683175464936
POTASSIUM,SVR_linear,C002_L-44,C002,4.0,4.046242487772363
POTASSIUM,SVR_linear,C002_L-3,C002,3.8,4.1456431244289815
POTASSIUM,SVR_linear,C002_R+1,C002,3.5,3.813373140725377
POTASSIUM,SVR_linear,C003_L-92,C003,3.7,4.415537267786471
POTASSIUM,SVR_linear,C003_L-44,C003,3.5,4.3579273779988235
POTASSIUM,SVR_linear,C003_L-3,C003,3.3,4.217395980644734
POTASSIUM,SVR_linear,C003_R+1,C003,3.0,4.986668137929839
POTASSIUM,SVR_linear,C004_L-92,C004,4.2,3.9686373400483363
POTASSIUM,SVR_linear,C004_L-44,C004,4.2,4.054211326416913
POTASSIUM,SVR_linear,C004_L-3,C004,3.7,3.9833657235885065
POTASSIUM,SVR_linear,C004_R+1,C004,4.0,4.084849004833058
POTASSIUM,SVR_rbf,C001_L-92,C001,4.6,3.9080961250698723
POTASSIUM,SVR_rbf,C001_L-44,C001,4.2,3.6117552544323486
POTASSIUM,SVR_rbf,C001_L-3,C001,3.9,3.603720313625781
POTASSIUM,SVR_rbf,C001_R+1,C001,4.4,3.6576304423567687
POTASSIUM,SVR_rbf,C002_L-92,C002,3.9,3.779135107129255
POTASSIUM,SVR_rbf,C002_L-44,C002,4.0,3.997176835737953
POTASSIUM,SVR_rbf,C002_L-3,C002,3.8,3.881573923309142
POTASSIUM,SVR_rbf,C002_R+1,C002,3.5,3.7666154434323005
POTASSIUM,SVR_rbf,C003_L-92,C003,3.7,4.036756484229997
POTASSIUM,SVR_rbf,C003_L-44,C003,3.5,4.176104769368295
POTASSIUM,SVR_rbf,C003_L-3,C003,3.3,4.035960198285624
POTASSIUM,SVR_rbf,C003_R+1,C003,3.0,3.9960761659949955
POTASSIUM,SVR_rbf,C004_L-92,C004,4.2,3.905953352221347
POTASSIUM,SVR_rbf,C004_L-44,C004,4.2,3.8773603012580944
POTASSIUM,SVR_rbf,C004_L-3,C004,3.7,3.9799523375159724
POTASSIUM,SVR_rbf,C004_R+1,C004,4.0,3.72855362632233
POTASSIUM,RandomForest,C001_L-92,C001,4.6,3.8574999999999973
POTASSIUM,RandomForest,C001_L-44,C001,4.2,3.7102166666666654
POTASSIUM,RandomForest,C001_L-3,C001,3.9,3.8304333333333314
POTASSIUM,RandomForest,C001_R+1,C001,4.4,3.6988999999999987
POTASSIUM,RandomForest,C002_L-92,C002,3.9,3.9806499999999967
POTASSIUM,RandomForest,C002_L-44,C002,4.0,3.988983333333331
POTASSIUM,RandomForest,C002_L-3,C002,3.8,3.7662333333333327
POTASSIUM,RandomForest,C002_R+1,C002,3.5,4.112033333333331
POTASSIUM,RandomForest,C003_L-92,C003,3.7,4.08625
POTASSIUM,RandomForest,C003_L-44,C003,3.5,4.133699999999996
POTASSIUM,RandomForest,C003_L-3,C003,3.3,4.076866666666663
POTASSIUM,RandomForest,C003_R+1,C003,3.0,4.188249999999997
POTASSIUM,RandomForest,C004_L-92,C004,4.2,3.7526976190476176
POTASSIUM,RandomForest,C004_L-44,C004,4.2,3.9408309523809497
POTASSIUM,RandomForest,C004_L-3,C004,3.7,3.8207571428571407
POTASSIUM,RandomForest,C004_R+1,C004,4.0,3.938057142857142
SODIUM,Ridge,C001_L-92,C001,141.0,137.23379609123504
SODIUM,Ridge,C001_L-44,C001,139.0,140.07728352572482
SODIUM,Ridge,C001_L-3,C001,142.0,143.3377917016245
SODIUM,Ridge,C001_R+1,C001,138.0,139.4484664651377
SODIUM,Ridge,C002_L-92,C002,142.0,138.80732703656804
SODIUM,Ridge,C002_L-44,C002,141.0,140.22598662119302
SODIUM,Ridge,C002_L-3,C002,143.0,139.46977311355707
SODIUM,Ridge,C002_R+1,C002,137.0,138.62028547144166
SODIUM,Ridge,C003_L-92,C003,139.0,140.90686021090036
SODIUM,Ridge,C003_L-44,C003,139.0,137.98882816512094
SODIUM,Ridge,C003_L-3,C003,138.0,136.71634894453234
SODIUM,Ridge,C003_R+1,C003,137.0,140.42520154065176
SODIUM,Ridge,C004_L-92,C004,138.0,140.06336478797778
SODIUM,Ridge,C004_L-44,C004,140.0,141.05218388252877
SODIUM,Ridge,C004_L-3,C004,141.0,139.40074422626282
SODIUM,Ridge,C004_R+1,C004,140.0,139.70321677875836
SODIUM,SVR_linear,C001_L-92,C001,141.0,139.16359186928975
SODIUM,SVR_linear,C001_L-44,C001,139.0,139.43310132922804
SODIUM,SVR_linear,C001_L-3,C001,142.0,140.8794957993043
SODIUM,SVR_linear,C001_R+1,C001,138.0,139.47835525304566
SODIUM,SVR_linear,C002_L-92,C002,142.0,138.84345910527946
SODIUM,SVR_linear,C002_L-44,C002,141.0,139.85935321636404
SODIUM,SVR_linear,C002_L-3,C002,143.0,139.71292993259348
SODIUM,SVR_linear,C002_R+1,C002,137.0,138.7906388737091
SODIUM,SVR_linear,C003_L-92,C003,139.0,140.88746325750785
SODIUM,SVR_linear,C003_L-44,C003,139.0,140.17619727309557
SODIUM,SVR_linear,C003_L-3,C003,138.0,139.39797632959588
SODIUM,SVR_linear,C003_R+1,C003,137.0,138.79057397047976
SODIUM,SVR_linear,C004_L-92,C004,138.0,139.69030600558006
SODIUM,SVR_linear,C004_L-44,C004,140.0,140.16698083705995
SODIUM,SVR_linear,C004_L-3,C004,141.0,139.83512505064084
SODIUM,SVR_linear,C004_R+1,C004,140.0,140.75152234492194
SODIUM,SVR_rbf,C001_L-92,C001,141.0,139.30730332536038
SODIUM,SVR_rbf,C001_L-44,C001,139.0,139.61333945491626
SODIUM,SVR_rbf,C001_L-3,C001,142.0,139.62680466257302
SODIUM,SVR_rbf,C001_R+1,C001,138.0,139.59755148823234
SODIUM,SVR_rbf,C002_L-92,C002,142.0,139.23524021061763
SODIUM,SVR_rbf,C002_L-44,C002,141.0,139.6812912702533
SODIUM,SVR_rbf,C002_L-3,C002,143.0,139.3110737350914
SODIUM,SVR_rbf,C002_R+1,C002,137.0,139.12386899664574
SODIUM,SVR_rbf,C003_L-92,C003,139.0,140.78012743942537
SODIUM,SVR_rbf,C003_L-44,C003,139.0,140.32394095300663
SODIUM,SVR_rbf,C003_L-3,C003,138.0,140.32676884151095
SODIUM,SVR_rbf,C003_R+1,C003,137.0,140.72563169179668
SODIUM,SVR_rbf,C004_L-92,C004,138.0,139.41247766369105
SODIUM,SVR_rbf,C004_L-44,C004,140.0,139.3597035504544
SODIUM,SVR_rbf,C004_L-3,C004,141.0,139.42132608829203
SODIUM,SVR_rbf,C004_R+1,C004,140.0,139.48923810969805
SODIUM,RandomForest,C001_L-92,C001,141.0,139.28533333333334
SODIUM,RandomForest,C001_L-44,C001,139.0,139.756
SODIUM,RandomForest,C001_L-3,C001,142.0,140.24550000000002
SODIUM,RandomForest,C001_R+1,C001,138.0,139.2865
SODIUM,RandomForest,C002_L-92,C002,142.0,140.10466666666665
SODIUM,RandomForest,C002_L-44,C002,141.0,139.90666666666667
SODIUM,RandomForest,C002_L-3,C002,143.0,139.01
SODIUM,RandomForest,C002_R+1,C002,137.0,140.0555
SODIUM,RandomForest,C003_L-92,C003,139.0,140.46966666666665
SODIUM,RandomForest,C003_L-44,C003,139.0,141.007
SODIUM,RandomForest,C003_L-3,C003,138.0,140.04916666666668
SODIUM,RandomForest,C003_R+1,C003,137.0,140.255
SODIUM,RandomForest,C004_L-92,C004,138.0,140.02566666666667
SODIUM,RandomForest,C004_L-44,C004,140.0,140.44416666666666
SODIUM,RandomForest,C004_L-3,C004,141.0,140.22899999999998
SODIUM,RandomForest,C004_R+1,C004,140.0,140.5775
HEMOGLOBIN,Ridge,C001_L-92,C001,14.1,15.484028936366249
HEMOGLOBIN,Ridge,C001_L-44,C001,14.9,13.654170350514786
HEMOGLOBIN,Ridge,C001_L-3,C001,14.7,11.995181138617797
HEMOGLOBIN,Ridge,C001_R+1,C001,14.7,13.653915244673131
HEMOGLOBIN,Ridge,C002_L-92,C002,13.2,14.01800815017545
HEMOGLOBIN,Ridge,C002_L-44,C002,12.8,15.450102885431047
HEMOGLOBIN,Ridge,C002_L-3,C002,11.5,14.466468938915723
HEMOGLOBIN,Ridge,C002_R+1,C002,12.1,13.520057969961528
HEMOGLOBIN,Ridge,C003_L-92,C003,13.2,13.15856511471039
HEMOGLOBIN,Ridge,C003_L-44,C003,14.4,14.034123438474435
HEMOGLOBIN,Ridge,C003_L-3,C003,13.3,14.95691146343604
HEMOGLOBIN,Ridge,C003_R+1,C003,,12.406004986308387
HEMOGLOBIN,Ridge,C004_L-92,C004,17.0,13.769104159273729
HEMOGLOBIN,Ridge,C004_L-44,C004,16.6,13.747849577981215
HEMOGLOBIN,Ridge,C004_L-3,C004,16.8,14.142409927469263
HEMOGLOBIN,Ridge,C004_R+1,C004,16.5,10.913782987503
HEMOGLOBIN,SVR_linear,C001_L-92,C001,14.1,14.76092340990559
HEMOGLOBIN,SVR_linear,C001_L-44,C001,14.9,13.941468614885437
HEMOGLOBIN,SVR_linear,C001_L-3,C001,14.7,13.646148982407848
HEMOGLOBIN,SVR_linear,C001_R+1,C001,14.7,13.960155035688379
HEMOGLOBIN,SVR_linear,C002_L-92,C002,13.2,15.727706029985892
HEMOGLOBIN,SVR_linear,C002_L-44,C002,12.8,15.022624621398256
HEMOGLOBIN,SVR_linear,C002_L-3,C002,11.5,13.964477267969176
HEMOGLOBIN,SVR_linear,C002_R+1,C002,12.1,15.437679363740463
HEMOGLOBIN,SVR_linear,C003_L-92,C003,13.2,14.906011854820898
HEMOGLOBIN,SVR_linear,C003_L-44,C003,14.4,13.976349746251104
HEMOGLOBIN,SVR_linear,C003_L-3,C003,13.3,13.988873252879525
HEMOGLOBIN,SVR_linear,C003_R+1,C003,,11.011759135517403
HEMOGLOBIN,SVR_linear,C004_L-92,C004,17.0,13.754580458700321
HEMOGLOBIN,SVR_linear,C004_L-44,C004,16.6,14.074916470175351
HEMOGLOBIN,SVR_linear,C004_L-3,C004,16.8,14.245134391566198
HEMOGLOBIN,SVR_linear,C004_R+1,C004,16.5,12.809810115679989
HEMOGLOBIN,SVR_rbf,C001_L-92,C001,14.1,14.345507836685654
HEMOGLOBIN,SVR_rbf,C001_L-44,C001,14.9,14.131619244586606
HEMOGLOBIN,SVR_rbf,C001_L-3,C001,14.7,13.868067129812447
HEMOGLOBIN,SVR_rbf,C001_R+1,C001,14.7,14.111769257255535
HEMOGLOBIN,SVR_rbf,C002_L-92,C002,13.2,14.93426462464825
HEMOGLOBIN,SVR_rbf,C002_L-44,C002,12.8,15.001751514977341
HEMOGLOBIN,SVR_rbf,C002_L-3,C002,11.5,14.922778163252852
HEMOGLOBIN,SVR_rbf,C002_R+1,C002,12.1,14.917886635186312
HEMOGLOBIN,SVR_rbf,C003_L-92,C003,13.2,14.332651309393505
HEMOGLOBIN,SVR_rbf,C003_L-44,C003,14.4,14.562001063330587
HEMOGLOBIN,SVR_rbf,C003_L-3,C003,13.3,14.611654468231507
HEMOGLOBIN,SVR_rbf,C003_R+1,C003,,14.41798237418359
HEMOGLOBIN,SVR_rbf,C004_L-92,C004,17.0,13.712659310392597
HEMOGLOBIN,SVR_rbf,C004_L-44,C004,16.6,13.790277065276808
HEMOGLOBIN,SVR_rbf,C004_L-3,C004,16.8,13.797785444762564
HEMOGLOBIN,SVR_rbf,C004_R+1,C004,16.5,13.498043040235954
HEMOGLOBIN,RandomForest,C001_L-92,C001,14.1,14.43625
HEMOGLOBIN,RandomForest,C001_L-44,C001,14.9,15.130504761904756
HEMOGLOBIN,RandomForest,C001_L-3,C001,14.7,14.404535714285707
HEMOGLOBIN,RandomForest,C001_R+1,C001,14.7,14.716816666666665
HEMOGLOBIN,RandomForest,C002_L-92,C002,13.2,16.122083333333325
HEMOGLOBIN,RandomForest,C002_L-44,C002,12.8,15.202166666666653
HEMOGLOBIN,RandomForest,C002_L-3,C002,11.5,15.105166666666657
HEMOGLOBIN,RandomForest,C002_R+1,C002,12.1,15.690683333333329
HEMOGLOBIN,RandomForest,C003_L-92,C003,13.2,14.282533333333326
HEMOGLOBIN,RandomForest,C003_L-44,C003,14.4,14.26249047619047
HEMOGLOBIN,RandomForest,C003_L-3,C003,13.3,14.098790476190468
HEMOGLOBIN,RandomForest,C003_R+1,C003,,14.206223809523813
HEMOGLOBIN,RandomForest,C004_L-92,C004,17.0,14.018100000000004
HEMOGLOBIN,RandomForest,C004_L-44,C004,16.6,13.105849999999993
HEMOGLOBIN,RandomForest,C004_L-3,C004,16.8,13.781683333333337
HEMOGLOBIN,RandomForest,C004_R+1,C004,16.5,12.85331666666667
