Symbol,i4_logFC,jaxa_logFC,jaxa_adjP,i4_sign,jaxa_sign,concordant
ALAS2,-1.44659689210014,-0.795414232,0.279219868,-1.0,-1.0,True
NIPA1,1.84494618258713,0.277370697,0.962756148,1.0,1.0,True
MT2A,-0.749640533755591,-0.815897479,0.559350336,-1.0,-1.0,True
GPX1,-0.794369422872877,0.547723856,0.510505937,-1.0,1.0,False
SAT1,0.654723290854268,0.438638545,0.45776665,1.0,1.0,True
SLC25A37,-0.780252046337237,-0.419047473,0.648045884,-1.0,-1.0,True
HFE,2.39145150266473,0.199264829,1.0,1.0,1.0,True
ACSL1,0.602706506101539,0.130545632,0.982528881,1.0,1.0,True
ISCA1,-0.75219990969048,0.015999405,1.0,-1.0,1.0,False
PDGFA,-2.91166848444061,0.523850779,0.68996819,-1.0,1.0,False
ATP6V0C,-0.656160647095408,-0.253741282,0.828858984,-1.0,-1.0,True
NDUFB2,-0.678406515068308,-0.251425591,0.90730617,-1.0,-1.0,True
GRPR,2.252391472945,-0.830803105,0.752013913,1.0,-1.0,False
TBXA2R,1.43791234099748,-0.056796361,1.0,1.0,-1.0,False
MCOLN1,-0.682285245691999,-1.329106219,0.257150773,-1.0,-1.0,True
GNA11,-2.08800776503816,-1.33652366,0.345004891,-1.0,-1.0,True
