sample,true_label,predicted_label,flight_probability
C001_L-92,0,0,0.3314279839590919
C001_L-44,0,0,0.3125363643667755
C001_L-3,0,0,0.2318192059450612
C001_R+1,1,0,0.26126244648799424
C002_L-92,0,0,0.3170129665769051
C002_L-44,0,0,0.27347296546059313
C002_L-3,0,0,0.11144182305584646
C002_R+1,1,0,0.24615868032233734
C003_L-92,0,0,0.3931538608799485
C003_L-44,0,0,0.23141431664477277
C003_L-3,0,0,0.25496331170158776
C003_R+1,1,0,0.2712363544402555
C004_L-92,0,0,0.41442204775816777
C004_L-44,0,0,0.4163309282834627
C004_L-3,0,0,0.22953292954861496
C004_R+1,1,0,0.19435455548024846
