gene,selection_frequency,mean_coefficient,abs_coefficient,minerals
KCNE1,0.9375,0.30777712182133166,0.30777712182133166,Potassium
SCT,0.9375,0.3062778751753622,0.3062778751753622,
SLC26A6,0.875,0.20461446636882155,0.20461446636882155,
HFE,0.875,0.34274731388712254,0.34274731388712254,Iron
TBXA2R,0.875,0.2988937128180698,0.2988937128180698,
SLC11A2,0.8125,0.0994790258366959,0.0994790258366959,Iron
GCLM,0.8125,0.10782215956986055,0.10782215956986055,
SPHK2,0.75,0.153720496064888,0.153720496064888,
PCBP2,0.6875,-0.32247706969645545,0.32247706969645545,
NIPA1,0.6875,0.05561596822525146,0.05561596822525146,Magnesium
NDUFC2,0.6875,0.07253795054412317,0.07253795054412317,
ALAS2,0.6875,-0.18222705028177574,0.18222705028177574,Iron
SLC39A7,0.6875,0.11329772309094154,0.11329772309094154,Zinc
SLC4A5,0.625,0.1175460940846902,0.1175460940846902,Sodium
HGF,0.5,0.01756948556992394,0.01756948556992394,
ADCY9,0.5,-0.13997112534462533,0.13997112534462533,
GLRX5,0.3125,-0.09244136949617016,0.09244136949617016,Iron
SELENOK,0.3125,-0.043741055228444216,0.043741055228444216,Selenium
KCNQ5,0.25,-0.061809863277192234,0.061809863277192234,Potassium
SLC24A3,0.1875,-0.008578678271494364,0.008578678271494364,Potassium
CACNA1I,0.1875,0.01636379919029797,0.01636379919029797,Calcium
XIAP,0.1875,-0.04752605091011597,0.04752605091011597,Copper
NDUFA3,0.1875,-0.06940421308930644,0.06940421308930644,
SELENOS,0.1875,0.009842881380545234,0.009842881380545234,Selenium
ACSL3,0.1875,0.012828279191708007,0.012828279191708007,
LOXL2,0.1875,0.06994836822244124,0.06994836822244124,Copper
ATP5PO,0.1875,-0.03241530881275236,0.03241530881275236,
LHPP,0.125,-0.02176672255923109,0.02176672255923109,
PLCD1,0.125,0.008978890783089014,0.008978890783089014,Calcium
SLC9A6,0.125,0.005059924633161875,0.005059924633161875,Sodium
UGT2B17,0.125,0.03416536729472798,0.03416536729472798,
S100B,0.125,-0.026211527563077833,0.026211527563077833,Magnesium
MT2A,0.125,-0.017564113688368518,0.017564113688368518,Zinc
KCNH2,0.0625,-0.026840927201892344,0.026840927201892344,Potassium
ISCA1,0.0625,-0.0012517103065483788,0.0012517103065483788,Iron
GNA11,0.0625,-0.012584755985300802,0.012584755985300802,
BOLA3,0.0625,-0.024778155928557703,0.024778155928557703,Iron
AQP1,0.0625,-0.015033798104718537,0.015033798104718537,
ATP1B2,0.0625,-0.003863282974159044,0.003863282974159044,Sodium
ATP1B1,0.0625,-0.01716900326938898,0.01716900326938898,Sodium
EGF,0.0625,-0.008095474779994786,0.008095474779994786,
CNNM4,0.0625,0.0012732085517855646,0.0012732085517855646,Magnesium
ENPP3,0.0625,0.0038917618707430277,0.0038917618707430277,Phosphorus
ITPKC,0.0625,0.005337724971585928,0.005337724971585928,
MCOLN2,0.0625,0.006792843111991281,0.006792843111991281,
MCOLN1,0.0625,0.0029880152403851576,0.0029880152403851576,
MAP1LC3B2,0.0625,-0.017305735397831163,0.017305735397831163,
LYRM4,0.0625,-0.012053035920239033,0.012053035920239033,Iron
NFATC3,0.0625,-0.0025971052232715967,0.0025971052232715967,
NDUFS3,0.0625,-0.004134425780263823,0.004134425780263823,
NDUFS5,0.0625,-0.012179931613999304,0.012179931613999304,
PLCB3,0.0625,0.023788638933449756,0.023788638933449756,Calcium
PDGFA,0.0625,-0.020331367034196596,0.020331367034196596,
PDGFC,0.0625,0.0023492413415196166,0.0023492413415196166,
PDGFD,0.0625,0.0003687861850073241,0.0003687861850073241,
SLC30A6,0.0625,0.0006873909850982754,0.0006873909850982754,Zinc
SLC39A11,0.0625,-0.005080347012880167,0.005080347012880167,Zinc
SLC30A7,0.0625,0.000149051225825329,0.000149051225825329,Zinc
TCIRG1,0.0625,0.0101532988902405,0.0101532988902405,
UQCR11,0.0625,-0.015807162257248607,0.015807162257248607,
