astronaut_variable,nhanes_code,label,units,sex,N,mean,sd,median,P1,P2.5,P5,P10,P25,P50,P75,P90,P95,P97.5,P99
CALCIUM,LBXSCA,Total Calcium,mg/dL,All,5429,9.327021550930189,0.3626810879676134,9.3,8.5,8.7,8.8,8.9,9.1,9.3,9.6,9.8,9.9,10.0,10.2
CALCIUM,LBXSCA,Total Calcium,mg/dL,Male,2552,9.338283699059565,0.3501635853372367,9.3,8.5,8.7,8.8,8.9,9.1,9.3,9.6,9.8,9.9,10.0,10.2
CALCIUM,LBXSCA,Total Calcium,mg/dL,Female,2877,9.317031630170316,0.373209890590421,9.3,8.5,8.6,8.8,8.9,9.1,9.3,9.5,9.8,9.9,10.1,10.3
POTASSIUM,LBXSKSI,Potassium,mmol/L,All,5442,3.9839875045939,0.3442673249408462,4.0,3.2,3.30025,3.45,3.59,3.7925,4.0,4.2,4.4,4.6,4.7,4.9
POTASSIUM,LBXSKSI,Potassium,mmol/L,Male,2562,4.044215456674473,0.3383076107098949,4.0,3.3,3.4,3.5,3.63,3.8,4.0,4.24,4.5,4.6,4.8,5.0
POTASSIUM,LBXSKSI,Potassium,mmol/L,Female,2880,3.930409722222222,0.340705455195019,3.9,3.1,3.3,3.4,3.5,3.7,3.9,4.1225000000000005,4.300999999999999,4.5,4.6,4.8
SODIUM,LBXSNASI,Sodium,mmol/L,All,5444,139.48475385745775,2.4878072901693664,139.0,133.0,135.0,136.0,137.0,138.0,139.0,141.0,143.0,144.0,144.0,145.0
SODIUM,LBXSNASI,Sodium,mmol/L,Male,2563,139.48888021849396,2.4450585102908944,140.0,133.0,134.0,136.0,137.0,138.0,140.0,141.0,143.0,143.0,144.0,145.0
SODIUM,LBXSNASI,Sodium,mmol/L,Female,2881,139.48108295730648,2.525647539436768,139.0,133.0,135.0,136.0,137.0,138.0,139.0,141.0,143.0,144.0,145.0,146.0
CHLORIDE,LBXSCLSI,Chloride,mmol/L,All,5444,102.82733284349744,3.127979171449444,103.0,95.0,96.0,98.0,99.0,101.0,103.0,105.0,107.0,108.0,108.0,109.0
CHLORIDE,LBXSCLSI,Chloride,mmol/L,Male,2563,102.57159578618806,3.0910974996331424,103.0,94.0,96.0,97.0,99.0,101.0,103.0,105.0,106.0,107.0,108.0,109.0
CHLORIDE,LBXSCLSI,Chloride,mmol/L,Female,2881,103.05484206872612,3.143519289808208,103.0,95.0,97.0,98.0,99.0,101.0,103.0,105.0,107.0,108.0,108.0,110.0
CARBON DIOXIDE,LBXSC3SI,Bicarbonate,mmol/L,All,5444,25.1291329904482,2.3140457903517797,25.0,19.43,20.075000000000017,21.0,22.0,24.0,25.0,27.0,28.0,29.0,30.0,30.0
CARBON DIOXIDE,LBXSC3SI,Bicarbonate,mmol/L,Male,2563,25.294186500195085,2.261080218486565,25.0,20.0,21.0,22.0,23.0,24.0,25.0,27.0,28.0,29.0,30.0,30.0
CARBON DIOXIDE,LBXSC3SI,Bicarbonate,mmol/L,Female,2881,24.982297813259287,2.3508344550154185,25.0,19.0,20.0,21.0,22.0,24.0,25.0,27.0,28.0,29.0,30.0,30.0
HEMOGLOBIN,LBXHGB,Hemoglobin,g/dL,All,5519,14.015038956332669,1.567240735884603,14.1,9.3,10.6,11.4,12.1,13.1,14.1,15.1,15.9,16.3,16.8,17.4
HEMOGLOBIN,LBXHGB,Hemoglobin,g/dL,Male,2597,14.921948402002313,1.2694934476669946,15.0,11.196,12.1,12.8,13.5,14.2,15.0,15.7,16.3,16.7,17.3,17.8
HEMOGLOBIN,LBXHGB,Hemoglobin,g/dL,Female,2922,13.209000684462696,1.3515043264966196,13.3,8.8,10.0,10.9,11.6,12.5,13.3,14.0,14.7,15.1,15.5,16.078999999999997
HEMATOCRIT,LBXHCT,Hematocrit,%,All,5519,41.77726037325603,4.218211096262912,41.8,29.8,33.1,35.1,36.7,39.2,41.8,44.7,46.8,48.2,49.50500000000002,51.4
HEMATOCRIT,LBXHCT,Hematocrit,%,Male,2597,44.17801309202926,3.549531455632993,44.3,34.196000000000005,36.690000000000005,38.38,40.1,42.2,44.3,46.3,48.2,49.5,51.1,52.804
HEMATOCRIT,LBXHCT,Hematocrit,%,Female,2922,39.6435318275154,3.568885987709532,39.8,28.442,31.3,33.7,35.5,37.7,39.8,41.9,43.7,44.9,46.1,47.579
RED BLOOD CELL COUNT,LBXRBCSI,RBC count,M/uL,All,5519,4.740641420547201,0.48750065833382,4.72,3.68,3.88,4.01,4.16,4.41,4.72,5.05,5.35,5.54,5.75,6.008199999999997
RED BLOOD CELL COUNT,LBXRBCSI,RBC count,M/uL,Male,2597,4.971112822487485,0.4717323269267481,4.97,3.82,4.02,4.22,4.426,4.68,4.97,5.25,5.53,5.74,5.920999999999999,6.240799999999999
RED BLOOD CELL COUNT,LBXRBCSI,RBC count,M/uL,Female,2922,4.53580424366872,0.4024710391563549,4.52,3.6421,3.81025,3.95,4.06,4.27,4.52,4.78,5.04,5.2,5.35,5.557899999999999
MCH,LBXMCHSI,Mean cell Hgb,pg,All,5519,29.638593948179015,2.635306171411256,30.0,20.3,22.8,24.69,26.5,28.6,30.0,31.3,32.4,33.1,33.8,34.7
MCH,LBXMCHSI,Mean cell Hgb,pg,Male,2597,30.121678860223334,2.296425630851423,30.3,21.5,24.590000000000003,26.28,27.6,29.1,30.3,31.5,32.6,33.3,34.2,34.7
MCH,LBXMCHSI,Mean cell Hgb,pg,Female,2922,29.20924024640657,2.8356022935980936,29.7,19.5,21.7025,23.7,25.610000000000003,27.9,29.7,31.0,32.1,32.8,33.5,34.479
MCHC,LBXMC,Mean Cell Hgb Conc,g/dL,All,5523,33.50345826543545,1.034975459934954,33.6,30.5,31.2,31.8,32.3,32.9,33.6,34.2,34.7,35.0,35.3,35.7
MCHC,LBXMC,Mean Cell Hgb Conc,g/dL,Male,2599,33.76056175452097,0.9256310041825156,33.8,31.2,31.8,32.3,32.6,33.2,33.8,34.4,34.9,35.2,35.5,35.8
MCHC,LBXMC,Mean Cell Hgb Conc,g/dL,Female,2924,33.27493160054719,1.0728784866498204,33.4,30.1,30.9,31.5,32.0,32.7,33.4,34.0,34.5,34.8,35.0,35.4
MCV,LBXMCVSI,Mean cell volume,fL,All,5519,88.3819170139518,6.412740118814992,89.0,65.936,71.89500000000001,76.9,81.0,85.6,89.0,92.3,95.3,97.3,99.1,101.38199999999998
MCV,LBXMCVSI,Mean cell volume,fL,Male,2597,89.17909125914515,5.716563351740062,89.5,69.28399999999999,76.28,79.9,83.0,86.3,89.5,92.6,95.5,97.9,99.5,101.9
MCV,LBXMCVSI,Mean cell volume,fL,Female,2922,87.67340862422998,6.897447142226082,88.6,64.421,69.3025,74.6,79.3,84.7,88.6,92.0,95.1,96.8,98.5,100.679
WHITE BLOOD CELL COUNT,LBXWBCSI,WBC count,10^3/uL,All,5519,7.281337198767891,2.201894540421745,7.0,3.4,3.9,4.3,4.8,5.7,7.0,8.4,10.1,11.2,12.205000000000018,13.7
WHITE BLOOD CELL COUNT,LBXWBCSI,WBC count,10^3/uL,Male,2597,7.20566037735849,2.141029840949323,6.9,3.5,3.9900000000000007,4.3,4.9,5.7,6.9,8.4,9.9,11.0,12.1,13.203999999999995
WHITE BLOOD CELL COUNT,LBXWBCSI,WBC count,10^3/uL,Female,2922,7.348596851471594,2.2528432525754654,7.1,3.4,3.8,4.3,4.8,5.7,7.1,8.6,10.3,11.4,12.4,14.078999999999995
RDW,LBXRDW,RBC distribution width,%,All,5519,13.83908316724044,1.4041026048094136,13.5,12.1,12.3,12.5,12.6,13.0,13.5,14.2,15.3,16.409999999999943,17.605000000000018,19.7
RDW,LBXRDW,RBC distribution width,%,Male,2597,13.608933384674623,0.9891656429989356,13.4,12.2,12.3,12.5,12.7,13.0,13.4,14.0,14.7,15.3,16.00999999999999,17.3
RDW,LBXRDW,RBC distribution width,%,Female,2922,14.043634496919918,1.6630678870283833,13.6,12.1,12.3,12.4,12.6,13.0,13.6,14.5,16.0,17.2,18.9,20.65799999999999
PLATELET COUNT,LBXPLTSI,Platelet count,10^3/uL,All,5519,243.54248958144592,62.545185965491925,236.0,119.0,140.0,155.0,172.0,203.0,236.0,279.0,322.0,351.0,383.0,427.0
PLATELET COUNT,LBXPLTSI,Platelet count,10^3/uL,Male,2597,225.79129765113592,53.80028870234498,222.0,116.96,130.0,147.0,164.0,191.0,222.0,257.0,292.0,316.0,338.0999999999999,376.1599999999999
PLATELET COUNT,LBXPLTSI,Platelet count,10^3/uL,Female,2922,259.3193018480493,65.48526648903513,252.0,125.21,150.0,166.0,186.0,216.0,252.0,296.0,342.0,371.9499999999998,405.0,451.79
MPV,LBXMPSI,Mean platelet volume,fL,All,5519,8.364214531618046,0.9261516414674502,8.3,6.6,6.8,7.0,7.3,7.7,8.3,8.9,9.6,10.0,10.4,10.9
MPV,LBXMPSI,Mean platelet volume,fL,Male,2597,8.333962264150943,0.9337789849425306,8.2,6.596,6.8,7.0,7.2,7.7,8.2,8.9,9.6,10.0,10.4,10.9
MPV,LBXMPSI,Mean platelet volume,fL,Female,2922,8.391101984941821,0.9186434209682288,8.3,6.6,6.8025,7.0,7.3,7.8,8.3,8.9,9.6,10.0,10.4,10.978999999999996
SERUM IRON,LBXSIR,Serum Iron,ug/dL,All,5435,83.31444342226311,36.01490208116598,79.0,18.0,24.0,33.0,42.0,59.0,79.0,103.0,128.0,145.0,160.0,185.0
FERRITIN,LBXFER,Ferritin,ng/mL,All,2190,147.13852511415524,200.9387210887218,97.5,4.8501,6.37725,9.169,15.2,43.1,97.5,189.0,315.0,437.6499999999992,565.5500000000002,808.880000000001
TRANSFERRIN SATURATION,LBDPCT,Transferrin Saturation,%,All,1678,27.44338498212157,11.720053035563254,26.0,4.77,7.0,10.0,14.0,20.0,26.0,34.0,42.0,48.0,55.0,62.23000000000002
TIBC,LBDTIB,Total Iron Binding Capacity,ug/dL,All,1678,324.5578069129917,50.884015181894476,321.5,218.0,237.925,248.85000000000002,264.0,290.0,321.5,352.75,387.29999999999995,419.14999999999986,442.1500000000001,469.23
