gene_set,Prot I4-FP1,Prot I4-FP2,RNA I4-FP1,RNA I4-FP2,RNA I4-FP3
KEGG_hsa00190,-0.08534711559726225,-0.0288681867172592,-0.09915359019223807,-0.06904501924411208,-0.05677475044546443
KEGG_hsa04020,0.10825555637026917,0.07976002643855812,-0.04235639526157216,-0.0245936976158496,-0.03445388768167012
KEGG_hsa04216,0.11273039967948684,0.13531342235620158,0.0493313330817491,-0.017162514768399046,-0.010334950706529221
KEGG_hsa04976,-0.28672236167420717,-0.33961031103526,-0.09650922683516543,-0.044881729322657264,-0.03113950580310489
KEGG_hsa04978,-0.6917849730756029,-0.7571556380104094,-0.08904267115277932,-0.06951075223050053,-0.07691977123542963
MINERAL_Calcium,-0.0011718088801953733,-0.027219026583598913,-0.07019466201460782,-0.1084603140480404,-0.13314240743939684
MINERAL_Copper,-0.12888491341544087,-0.195761749094179,-0.021362700052439315,-0.014220671688610817,-0.06625816019104457
MINERAL_Iron,0.255876308458002,-0.117862377426696,-0.08703080563265543,-0.06043372469000607,-0.08320572997241607
MINERAL_Magnesium,-0.32117762533805655,-0.335852803122342,-0.03180212989519677,-0.0840623053829114,-0.05274418706963267
MINERAL_Manganese,,,-0.15516297701302664,0.039964108838629,0.057403780851497326
MINERAL_Phosphorus,-0.05753459721930891,-0.16647137797495298,-0.09891030073445034,-0.08784660199099768,-0.12024745409754417
MINERAL_Potassium,,,-0.02000116427836291,-0.028395090550703793,-0.0317249942006436
MINERAL_Selenium,0.09608296851971194,0.015966118597421503,-0.06870970015902084,0.014501067238168257,0.0030598851362447737
MINERAL_Sodium,-0.6917849730756029,-0.7571556380104094,0.06683244890093164,-0.012939122948536531,-0.04170120407895306
MINERAL_Zinc,-0.132544309306833,-0.351723186047683,-0.14082613684835732,-0.015699467543643295,-0.03834939209234155
