gene,importance_mean,importance_std,minerals
ALAS2,0.002083333333333337,0.006250000000000012,Iron
S100A9,0.0,0.0,Magnesium
FTH1,0.0,0.0,Iron
FTL,0.0,0.0,Iron
SLC25A37,0.0,0.0,Iron
S100A11,0.0,0.0,Magnesium
S100A6,0.0,0.0,Magnesium
S100A8,0.0,0.0,Magnesium
S100A4,0.0,0.0,Magnesium
GPX1,0.0,0.0,Selenium
GNAS,0.0,0.0,
PCBP1,0.0,0.0,
SLC25A6,0.0,0.0,
MSRB1,0.0,0.0,Selenium
NCOA4,0.0,0.0,Iron
ATP5F1E,0.0,0.0,
PCBP2,0.0,0.0,
CYBB,0.0,0.0,
AQP9,0.0,0.0,
CALM1,0.0,0.0,Calcium
COX4I1,0.0,0.0,
S100A12,0.0,0.0,Magnesium
FXYD5,0.0,0.0,Sodium
S100A10,0.0,0.0,Magnesium
ATP6V0B,0.0,0.0,
ACSL1,0.0,0.0,
ATP5MC2,0.0,0.0,
ATP6V1B2,0.0,0.0,
ATP6V0E1,0.0,0.0,
ATP5F1B,0.0,0.0,
COX7C,0.0,0.0,
CALM2,0.0,0.0,Calcium
CXCR4,0.0,0.0,
COX6B1,0.0,0.0,
ATP6V0D1,0.0,0.0,
FBXL5,0.0,0.0,Iron
COX5B,0.0,0.0,
ATP5F1A,0.0,0.0,
SLC25A5,0.0,0.0,
SELENOF,0.0,0.0,Selenium
GPX4,0.0,0.0,Selenium
MAP1LC3B,0.0,0.0,
ARLN,0.0,0.0,
SAT1,0.0,0.0,
GLRX5,0.0,0.0,Iron
CALM3,0.0,0.0,Calcium
PRKCB,0.0,0.0,
ATP6V1G1,0.0,0.0,
COXFA4,0.0,0.0,
ATP5MC3,0.0,0.0,
ISCU,0.0,0.0,Iron
PTAFR,0.0,0.0,
COX7A2,0.0,0.0,
ATP6V1F,0.0,0.0,
ATP5PB,0.0,0.0,
KCNJ15,0.0,0.0,Potassium
RXRA,0.0,0.0,
MT2A,0.0,0.0,Zinc
SELENOT,0.0,0.0,Selenium
ATP5F1D,0.0,0.0,
UQCR10,0.0,0.0,
NDUFB4,0.0,0.0,
NDUFB9,0.0,0.0,
SLC31A2,0.0,0.0,Copper
SLC11A1,0.0,0.0,Iron
COX5A,0.0,0.0,
ALPL,0.0,0.0,Calcium;Phosphorus
KCNE3,0.0,0.0,Potassium
NDUFB11,0.0,0.0,
SDHB,0.0,0.0,Iron
COX7A2L,0.0,0.0,
ATP6V1E1,0.0,0.0,
PTK2B,0.0,0.0,
SOD1,0.0,0.0,Copper
UQCRC2,0.0,0.0,
SLC40A1,0.0,0.0,Iron
ATP6V1A,0.0,0.0,
HPCAL1,0.0,0.0,Magnesium
ATP2A3,0.0,0.0,Calcium
NDUFB6,0.0,0.0,
NDUFA1,0.0,0.0,
ATP6AP1,0.0,0.0,
ACSL4,0.0,0.0,
ATP5F1C,0.0,0.0,
UQCRQ,0.0,0.0,
SLC12A6,0.0,0.0,Sodium
ORAI1,0.0,0.0,
UQCRC1,0.0,0.0,
SELENOK,0.0,0.0,Selenium
VDAC2,0.0,0.0,
PRKACB,0.0,0.0,
NDUFA2,0.0,0.0,
UQCRFS1,0.0,0.0,
COX6C,0.0,0.0,
UQCRH,0.0,0.0,
NDUFS7,0.0,0.0,
PRKACA,0.0,0.0,
ADCY7,0.0,0.0,
ATP1A1,0.0,0.0,Sodium
NDUFB2,0.0,0.0,
CSF1R,0.0,0.0,Calcium
NDUFB1,0.0,0.0,
NDUFB10,0.0,0.0,
PRNP,0.0,0.0,Copper
COX7B,0.0,0.0,
CYCS,0.0,0.0,
NDUFC1,0.0,0.0,
ATP5PD,0.0,0.0,
ATP1B3,0.0,0.0,Sodium
SDHC,0.0,0.0,Iron
ATP5PF,0.0,0.0,
UQCRB,0.0,0.0,
SELENOW,0.0,0.0,Selenium
NDUFS8,0.0,0.0,
ATP2B1,0.0,0.0,Calcium
PPIF,0.0,0.0,
NDUFS2,0.0,0.0,
HMOX1,0.0,0.0,
ITPKB,0.0,0.0,
CAMK1D,0.0,0.0,
CYC1,0.0,0.0,
NDUFAB1,0.0,0.0,
GNAQ,0.0,0.0,
HRH2,0.0,0.0,
NDUFA12,0.0,0.0,
VDAC1,0.0,0.0,
NDUFS6,0.0,0.0,
HSPA9,0.0,0.0,Iron
NDUFS5,0.0,0.0,
NDUFV1,0.0,0.0,
ORAI2,0.0,0.0,
ATP5MC1,0.0,0.0,
SLC20A1,0.0,0.0,Phosphorus
SDHD,0.0,0.0,Iron
SLC2A1,0.0,0.0,
SLC12A9,0.0,0.0,Sodium
CAMLG,0.0,0.0,Magnesium
SAT2,0.0,0.0,
PPA1,0.0,0.0,
VDAC3,0.0,0.0,
PPP3CA,0.0,0.0,Calcium
KCNA3,0.0,0.0,Potassium
TXNRD1,0.0,0.0,Selenium
ATOX1,0.0,0.0,Copper
NDUFB7,0.0,0.0,
PPP3CB,0.0,0.0,Calcium
CAMK2G,0.0,0.0,Calcium
NDUFS3,0.0,0.0,
NIPA2,0.0,0.0,Magnesium
NDUFA10,0.0,0.0,
ATP2B4,0.0,0.0,Calcium
TFEB,0.0,0.0,
KCNJ2,0.0,0.0,Potassium
STIM1,0.0,0.0,
NDUFB3,0.0,0.0,
MAGT1,0.0,0.0,Magnesium
CAMK1,0.0,0.0,
PLCB2,0.0,0.0,Calcium
SLC3A2,0.0,0.0,
PPA2,0.0,0.0,
ATP6V1C1,0.0,0.0,
COX17,0.0,0.0,Copper
ISCA1,0.0,0.0,Iron
ACSL5,0.0,0.0,
TP53,0.0,0.0,
PPP3R1,0.0,0.0,Calcium
ATP6V0E2,0.0,0.0,
CAMK4,0.0,0.0,Calcium
NDUFV3,0.0,0.0,
ATP2A2,0.0,0.0,Calcium
SLC25A28,0.0,0.0,Iron
CYBRD1,0.0,0.0,
NDUFS1,0.0,0.0,
KCNQ1,0.0,0.0,Potassium
IREB2,0.0,0.0,Iron
LHPP,0.0,0.0,
NFATC2,0.0,0.0,
P2RX4,0.0,0.0,
RUNX2,0.0,0.0,Calcium
NFATC3,0.0,0.0,
NDUFA8,0.0,0.0,
PPP3CC,0.0,0.0,Calcium
ATP6V1H,0.0,0.0,
ATP5MG,0.0,0.0,
CAMK2D,0.0,0.0,Calcium
NFATC1,0.0,0.0,
SELENON,0.0,0.0,Selenium
CNNM3,0.0,0.0,Magnesium
FDX1,0.0,0.0,Iron
ADRB2,0.0,0.0,
NDUFA5,0.0,0.0,
VEGFB,0.0,0.0,
SLC30A1,0.0,0.0,Zinc
APP,0.0,0.0,Copper
SLC30A7,0.0,0.0,Zinc
SCO2,0.0,0.0,Copper
SLC24A4,0.0,0.0,Potassium
SLC4A7,0.0,0.0,Sodium
HMOX2,0.0,0.0,
ATP5ME,0.0,0.0,
