gene_symbol,minerals,kegg_pathways,direction,n_significant,mean_log2CPM_L-92,mean_log2CPM_L-44,mean_log2CPM_L-3,mean_log2CPM_R+1,FC_R+1_vs_preflight,expr_C001_L-92,expr_C001_L-44,expr_C001_L-3,expr_C001_R+1,expr_C002_L-92,expr_C002_L-44,expr_C002_L-3,expr_C002_R+1,expr_C003_L-92,expr_C003_L-44,expr_C003_L-3,expr_C003_R+1,expr_C004_L-92,expr_C004_L-44,expr_C004_L-3,expr_C004_R+1,RNA_FP1_log2FC,RNA_FP1_pvalue,RNA_FP1_adj_pvalue,RNA_FP2_log2FC,RNA_FP2_pvalue,RNA_FP2_adj_pvalue,RNA_FP3_log2FC,RNA_FP3_pvalue,RNA_FP3_adj_pvalue,Prot_FP1_log2FC,Prot_FP1_pvalue,Prot_FP1_adj_pvalue,Prot_FP2_log2FC,Prot_FP2_pvalue,Prot_FP2_adj_pvalue
ACSL1,,hsa04216:Ferroptosis,up,1,4.188915182033299,4.96424871548926,6.057703461556083,6.430950419234696,1.3606612995418148,3.3655181657234947,5.304143570736453,5.978687507052446,6.440511933144021,4.0033255438975015,4.464326956983078,6.816208789081822,5.878509034155102,4.768665973506391,5.726562263290699,5.945416734750941,6.425457100880352,4.618151045005811,4.361962070946811,5.490500815339122,6.979323608759308,0.602706506101539,0.0233930319697869,0.925709417724143,,,,,,,,,,,,
ALAS2,Iron,,down,1,8.195956305711983,8.337625308658218,7.999507209808055,7.501830879047292,-0.6758653956787928,7.396789499066115,7.135437543168519,6.829659983218738,6.614050699110477,8.354720768233426,8.209681827709563,8.146617933296726,8.074733440104257,9.079606438339912,9.443632510065724,8.519814025107122,7.496754112299654,7.95270851720848,8.561749353689066,8.501936897609632,7.821785264674782,-1.44659689210014,9.79938671928015e-06,0.0082489533161731,,,,,,,,,,,,
APP,Copper,,up,2,1.4853130591676655,2.2007172926394047,2.6048669709474024,2.848902718111617,0.7519369438601262,2.587684024944611,2.2782802488562335,3.365863908016573,2.6277968769031386,0.8760824601886417,2.480645978223324,3.369123403337608,2.015692466669394,1.3140375758440468,2.320820742876321,2.1128196935784125,3.420722897812127,1.1634481756933626,1.7231222006017402,1.571660878857015,3.331398631061808,,,,,,,,,,1.32034624915781,2.60184139558651e-06,0.0011480625158025,1.09028777370418,2.96214744388208e-05,0.0037520534289173
AQP1,,hsa04976:Bile_secretion,down,1,1.1030724284458184,0.2345798520259505,0.5697935069887006,0.3276188568206178,-0.3081964056662053,0.0,0.0,0.0,1.3104754272824717,1.6905031159365846,0.938319408103802,1.3249538882172842,0.0,1.3140375758440468,0.0,0.5960703215538553,0.0,1.4077490220026418,0.0,0.3581498181836625,0.0,,,,,,,-1.19966883806622,0.0324633571210554,0.847675928874464,,,,,,
ATP1A1,Sodium,hsa04976:Bile_secretion;hsa04978:Mineral_absorption,down,1,3.127802468448321,4.075875224738028,4.309852671810731,4.015115428651539,0.1772719736525121,3.868111786194997,4.035973459901941,4.801847510589416,4.229802561109316,2.2923287832847583,4.202386247576195,4.5030677230364,2.6614203334475666,3.0758441510216397,3.968330428818324,4.160483717521591,4.3517392679306965,3.274925153291889,4.096810762655655,3.774011736095516,4.8174995521185755,,,,,,,,,,,,,-0.622141837033817,0.0131010742338877,0.126196440827563
ATP5F1E,,hsa00190:Oxidative_phosphorylation,down,1,6.517992313279425,7.559784730972789,6.903144755876168,7.239650124194291,0.2460095241514954,6.806905893289535,7.8463310458770685,7.198145591186407,6.768938300841479,5.880685612535551,7.196635069164151,7.18789573867194,5.496152983273335,6.761732981890715,7.581078548242323,6.836908567314932,8.750250530011774,6.622644765401901,7.615094260607613,6.389629126331393,7.943258682650577,-0.568578741940743,0.0488805376111206,0.925709417724143,,,,,,,,,,,,
ATP6AP1,,hsa00190:Oxidative_phosphorylation,down,1,3.466019101992763,3.8465823773986183,4.447513472263041,4.416571563538788,0.4965332463206473,3.4624002997678582,4.471217660077241,5.091677196189718,4.536269851348431,2.715724521858564,3.0583783601290637,4.577717748963023,3.950262601137287,3.9418750042766586,3.968330428818324,4.260144095726737,3.9600647363637895,3.7440765820679713,3.8884030605698454,3.8605148481726874,5.219689065305643,,,,,,,,,,-0.930772115037882,0.0132426767970077,0.148783014173559,,,
ATP6V0C,,hsa00190:Oxidative_phosphorylation,down,1,0.0,0.0,0.0821507612158048,0.0,-0.0273835870719349,0.0,0.0,0.0,0.0,0.0,0.0,0.0,0.0,0.0,0.0,0.3286030448632194,0.0,0.0,0.0,0.0,0.0,-0.656160647095408,0.0287569459804609,0.925709417724143,,,,,,,,,,,,
ATP6V0D1,,hsa00190:Oxidative_phosphorylation,down,2,4.700286768793529,5.027973414955948,5.616152243444587,5.840250586977017,0.7254464445789965,4.923723050283884,5.7790997098583,6.370064935518267,6.440511933144021,3.728171782407974,3.6906216356885135,4.46424240238661,4.706580640080291,4.9414482490565605,5.613353786013488,5.846269987046345,5.481865046719168,5.207803993425696,5.028818528263492,5.784031648827124,6.732044727964593,,,,,,,,,,-0.579514034873994,0.0175335545804717,0.170122096571102,-0.689750248836389,0.0058912300773032,0.0923161826546488
CACNA1D,Calcium,hsa04020:Calcium_signaling,down,2,0.1247687637866088,0.0,0.5122715988660186,0.0,-0.2123467875508758,0.0,0.0,1.0245737803502888,0.0,0.0,0.0,0.3796761410528195,0.0,0.0,0.0,0.0,0.0,0.4990750551464352,0.0,0.6448364740609659,0.0,,,,-2.25438898236578,0.0104115898527607,0.887191478114761,-2.13728036425859,0.0042535651894204,0.797914196587893,,,,,,
CNNM1,Magnesium,,down,1,0.1247687637866088,0.0,0.1844564898091205,0.0,-0.1030750845319097,0.0,0.0,0.0,0.0,0.0,0.0,0.3796761410528195,0.0,0.0,0.0,0.0,0.0,0.4990750551464352,0.0,0.3581498181836625,0.0,,,,,,,-1.4584274080995,0.0368282454154817,0.847675928874464,,,,,,
CYBB,,hsa04216:Ferroptosis,down,2,4.695400453673251,5.218242599290827,6.074925003270053,6.508074109960924,1.1785514245495463,5.114679184145904,5.828819569335598,6.602814943098518,6.37769483897255,3.136999075404212,3.469787166694654,5.5284920583921195,4.527768503340066,4.9414482490565605,5.1551589937047915,6.237197907235774,7.4772347231928515,5.588475306086331,6.419204667428265,5.931195104353803,7.64959837433823,,,,,,,,,,-0.799565490198226,0.0018876914619158,0.0520589910981477,-0.663272737185808,0.0043522159457293,0.0743299801967266
FXYD2,Sodium,hsa04976:Bile_secretion;hsa04978:Mineral_absorption,down,2,0.0,0.0,0.0949190352632048,0.0,-0.0316396784210682,0.0,0.0,0.0,0.0,0.0,0.0,0.3796761410528195,0.0,0.0,0.0,0.0,0.0,0.0,0.0,0.0,0.0,,,,,,,,,,-0.930624030242224,0.0005830831264002,0.0233895845021913,-0.892169438987002,0.0002502085820104,0.0126772348218607
GCLM,,hsa04216:Ferroptosis,up,2,0.6603921530497656,1.607914776273266,1.893163763022172,2.5868137694934448,1.1996568720450436,0.778968982516326,1.5486816174546332,2.6256892999462913,1.6872170042245511,0.0,1.9064611676220895,2.108205729206406,2.4765422453574897,0.9934275680204352,2.320820742876321,1.0166298238559357,3.7154520670374778,0.8691720616623014,0.6556955771400196,1.8221301990800551,2.46804376135426,,,,,,,,,,1.04779005871933,0.0052718461810827,0.102250642962758,0.959730609030236,0.0020896452947473,0.0542999960434999
GLRX5,Iron,,down,1,5.418860703691535,5.821748306371508,5.477181047548605,5.435554599807216,-0.1370420860633334,5.6136960485386345,5.156191976508391,5.217329210276307,4.935679062035721,5.66010023053621,5.830203943301301,6.011708061757297,4.865654234189642,6.020450109973519,6.578574580229882,5.372112657337938,6.579853744832704,4.381196425717779,5.72202272544646,5.307574260822874,5.361031358170798,-1.0575189203708,0.0003023989535386,0.0833734600573624,,,,,,,,,,,,
GNA11,,hsa04020:Calcium_signaling,down,1,0.3048204766211353,0.9085792102201564,0.8053350211760806,0.190826099524872,-0.482085469814252,0.0,0.9728752321750834,1.0245737803502888,0.0,0.6386976985362087,0.938319408103802,0.9283887299237804,0.0,0.5805842079483328,0.0,0.0,0.0,0.0,1.7231222006017402,1.2683775744302532,0.763304398099488,-2.08800776503816,0.0467583088746392,0.925709417724143,,,,,,,,,,,,
GNAQ,,hsa04020:Calcium_signaling,down,1,2.678043225547762,2.9670382995538995,3.913556945979255,3.894631581311702,0.7084187576180629,2.404746480548279,1.959119175305102,4.50598768979347,3.19239608436163,2.1182064330134267,2.8902642881649134,4.134034990046426,2.6614203334475666,2.796069496231372,3.840014554891357,3.730992740435323,5.225272759650194,3.3931504923979694,3.178755179854226,3.283212363641803,4.499437147787416,,,,,,,-0.531445736611426,0.0222646462553839,0.847675928874464,,,,,,
GPX1,Selenium,,mixed,2,8.63528363122912,8.786275181604504,8.341316743846102,8.724119701358324,0.1364945157984163,8.733121010084883,8.638852478542505,8.51212460054758,8.431096729535,8.746690101106218,8.945590812907954,8.422033337560004,8.391510347184564,8.803838026661559,8.974943871379724,8.283261183979063,9.15833480124182,8.257485387063822,8.585713563587833,8.147847853297764,8.91553692747191,-0.794369422872877,0.0099384516504788,0.73358654583609,,,,,,,0.54539825854815,0.0329554050168549,0.223716499441342,,,
GPX3,Selenium,,down,1,0.7720929553033747,0.7540087259386365,0.7587856619154906,0.7858000665328064,0.0241709521469725,1.6543037799267732,0.9728752321750834,1.6176353973877058,1.6872170042245511,0.3544087781919574,0.938319408103802,0.0,0.0,0.5805842079483328,0.0,0.3286030448632194,0.0,0.4990750551464352,1.1048402634756609,1.0889042054110372,1.4559832619066744,,,,,,,,,,,,,-0.502613347946091,0.0181494559421055,0.14515504370488
GRPR,,hsa04020:Calcium_signaling,up,2,0.0,0.0,0.0,0.190826099524872,0.190826099524872,0.0,0.0,0.0,0.0,0.0,0.0,0.0,0.0,0.0,0.0,0.0,0.0,0.0,0.0,0.0,0.763304398099488,2.252391472945,0.0428025065869841,0.925709417724143,1.56638924072433,0.0475621820807085,0.887191478114761,,,,,,,,,
HFE,Iron,,up,1,0.0,0.0,0.2320971824809451,0.7899168534176297,0.7125511259239814,0.0,0.0,0.0,1.3104754272824717,0.0,0.0,0.9283887299237804,0.8163429357535725,0.0,0.0,0.0,0.0,0.0,0.0,0.0,1.0328490506344752,2.39145150266473,0.0226808383583389,0.925709417724143,,,,,,,,,,,,
ISCA1,Iron,,down,1,3.017132500500203,3.5007648626382535,3.473855732058982,3.368593929286567,0.0380095642207543,3.3655181657234947,3.9487153667437527,3.745484682820317,2.937541518793577,2.519503269110555,3.345246833575333,3.565328031896477,1.714931113429805,3.51153744870796,2.9373957716654355,3.3874289549242067,5.024743028866573,2.671971118458802,3.771701478568492,3.197181258594927,3.797160056056311,-0.75219990969048,0.0273111013967849,0.925709417724143,,,,,,,,,,,,
KCNK5,Potassium,,down,2,0.0,0.0,0.4405999348966927,0.0,-0.1468666449655642,0.0,0.0,1.0245737803502888,0.0,0.0,0.0,0.3796761410528195,0.0,0.0,0.0,0.0,0.0,0.0,0.0,0.3581498181836625,0.0,,,,-1.6246858912214,0.0475770126379209,0.887191478114761,-1.54301615725785,0.0309842211948642,0.847675928874464,,,,,,
KCNQ2,Potassium,,up,2,0.0,0.0,0.0,0.0,0.0,0.0,0.0,0.0,0.0,0.0,0.0,0.0,0.0,0.0,0.0,0.0,0.0,0.0,0.0,0.0,0.0,,,,1.73372860417701,0.0298506351938174,0.887191478114761,1.46806543599603,0.0376484683666557,0.847675928874464,,,,,,
KCNQ5,Potassium,,down,1,0.3398882976161647,0.581610451457433,0.5227506961124976,0.1078888790030456,-0.3735276027256527,0.778968982516326,0.0,1.0245737803502888,0.0,0.0,0.0,0.3796761410528195,0.0,0.5805842079483328,1.2216015423540714,0.3286030448632194,0.0,0.0,1.1048402634756609,0.3581498181836625,0.4315555160121826,,,,,,,-1.52834925694509,0.0376297225145504,0.847675928874464,,,,,,
LOX,Copper,,down,2,0.0,0.0,0.0,0.0,0.0,0.0,0.0,0.0,0.0,0.0,0.0,0.0,0.0,0.0,0.0,0.0,0.0,0.0,0.0,0.0,0.0,,,,,,,,,,-0.72025741482918,0.0029176344474693,0.0695895243213985,-0.673636563448562,0.0008677195084365,0.0306728756470581
LOXL1,Copper,,down,1,0.5542521019686735,0.0,0.1490175803884638,0.6440531347041649,0.4096299072517858,0.0,0.0,0.0,0.7991837328165563,0.3544087781919574,0.0,0.0,0.0,0.9934275680204352,0.0,0.5960703215538553,1.7770288060001032,0.8691720616623014,0.0,0.0,0.0,,,,,,,,,,,,,-0.604231530688998,0.0021076972148463,0.0542999960434999
LOXL2,Copper,,up,2,0.1451460519870832,0.0,0.0,0.3949118334632651,0.3465298161342374,0.0,0.0,0.0,0.0,0.0,0.0,0.0,0.8163429357535725,0.5805842079483328,0.0,0.0,0.0,0.0,0.0,0.0,0.763304398099488,,,,2.13036336334883,0.0118119706852762,0.887191478114761,2.09889753673706,0.0062726304406958,0.847675928874464,,,,,,
MCOLN1,,hsa04020:Calcium_signaling,down,1,0.3398882976161647,0.1639238942850049,0.0895374545459156,0.6425872886166812,0.4448040731343194,0.778968982516326,0.0,0.0,1.3104754272824717,0.0,0.0,0.0,0.0,0.5805842079483328,0.0,0.0,0.0,0.0,0.6556955771400196,0.3581498181836625,1.2598737271842533,-0.682285245691999,0.0464784577366671,0.925709417724143,,,,,,,,,,,,
MT2A,Zinc,hsa04978:Mineral_absorption,down,1,4.440801082516097,5.482962594236089,5.022986342195712,5.070766643018015,0.0885166367020486,4.622042303744888,5.501006760533107,5.602304864198426,4.827021418977131,4.27638221841939,5.431273740718588,5.431187226492783,4.209573525154075,4.5419770025374016,5.100194042461717,4.7867462445434175,5.401300615282924,4.322802805362706,5.899375833230946,4.271707033548224,5.84517101265793,-0.749640533755591,0.0095301736746239,0.718708541490559,,,,,,,,,,,,
MT3,Zinc,,down,2,0.3398882976161647,0.3755303600293014,0.2561434450875722,0.0,-0.3238540342443461,0.778968982516326,0.0,1.0245737803502888,0.0,0.0,1.5021214401172056,0.0,0.0,0.5805842079483328,0.0,0.0,0.0,0.0,0.0,0.0,0.0,,,,-2.06171623206037,0.0182428310702843,0.887191478114761,-2.03106507595751,0.010085422888684,0.847675928874464,,,,,,
NDUFB2,,hsa00190:Oxidative_phosphorylation,down,1,3.2294577697377704,4.710601432147212,3.907353221896814,3.951793334777425,0.0026558601834927,3.795587746950856,5.076107747082184,4.43876960606843,3.9128615342720674,2.022572745181773,3.6906216356885135,4.403972122414253,1.334495693716501,3.4474593820188515,5.208106474360359,3.422270483592289,5.481865046719168,3.652211204799602,4.86756987145779,3.3644006755122846,5.0779510644019625,-0.678406515068308,0.029038476359164,0.925709417724143,,,,,,,,,,,,
NIPA1,Magnesium,,up,2,0.1247687637866088,0.4693242798735227,0.8443300977354193,1.8632160757501564,1.3837416952849726,0.0,0.0,1.0245737803502888,1.3104754272824717,0.0,0.0,1.1402545070427756,0.0,0.0,1.2216015423540714,0.3286030448632194,4.5137917748669985,0.4990750551464352,0.6556955771400196,0.8838890586853935,1.6285971008511562,1.84494618258713,0.0089066666878765,0.718708541490559,,,,1.2008494237627,0.0254975445855547,0.847675928874464,,,,,,
NOS3,,hsa04020:Calcium_signaling,up,2,0.0,0.2432188080437708,0.3142479436967499,0.5244500229539972,0.3386277723738236,0.0,0.9728752321750834,0.0,0.0,0.0,0.0,0.9283887299237804,1.334495693716501,0.0,0.0,0.3286030448632194,0.0,0.0,0.0,0.0,0.763304398099488,,,,1.8181746923737,0.0229296618931368,0.887191478114761,1.60784291407834,0.0287716525570123,0.847675928874464,,,,,,
PDGFA,,hsa04020:Calcium_signaling,mixed,3,0.4295892404077441,0.2345798520259505,0.7710231580555541,0.3276188568206178,-0.1507785600091317,0.0,0.0,1.6176353973877058,1.3104754272824717,0.6386976985362087,0.938319408103802,0.0,0.0,0.5805842079483328,0.0,0.8216207607735451,0.0,0.4990750551464352,0.0,0.6448364740609659,0.0,-2.91166848444061,0.0285093037869246,0.925709417724143,,,,,,,1.05994113105643,6.55078717854105e-05,0.0064234107611805,1.00259986521105,1.34749513540073e-05,0.0025602407572613
PDGFB,,hsa04020:Calcium_signaling,up,1,0.0,0.3054003855885178,0.3416791581348031,0.4964174758298735,0.2807242945887664,0.0,0.0,0.0,1.985669903319494,0.0,0.0,0.6799637694923305,0.0,0.0,1.2216015423540714,0.3286030448632194,0.0,0.0,0.0,0.3581498181836625,0.0,,,,,,,1.61917939346556,0.0201582002102972,0.847675928874464,,,,,,
PRKACA,,hsa04020:Calcium_signaling;hsa04976:Bile_secretion,down,1,3.262789547784158,3.3139190534265133,4.3665608102864075,3.899941900442853,0.2521854299438266,3.2616586857345657,3.9487153667437527,5.047237649708024,4.536269851348431,2.9416842752382046,2.8902642881649134,4.134034990046426,2.8252753004922777,3.572890076871973,3.543054901661274,4.240755178914123,3.420722897812127,3.274925153291889,2.873641657136113,4.044215422477056,4.8174995521185755,,,,,,,-0.507562074190763,0.0207103057444065,0.847675928874464,,,,,,
S100A11,Calcium,,down,1,8.118204716847933,8.082061570747587,8.96017701375993,9.41751682238232,1.0307023885971702,8.137679926875458,8.537832338230489,9.67255674113216,9.812981380639176,7.63450400091997,7.44443259200852,8.789008470067733,8.62631186746588,8.62348293181983,8.551928663320904,8.8571612150839,9.656119405986033,8.077152007776474,7.794052689430439,8.521981628755926,9.574654635438188,,,,,,,,,,,,,-0.516122370409204,0.0104922467592878,0.114735360245449
S100A12,Calcium,,down,2,6.120452547075865,6.5380396489898605,5.708390495728481,6.971465394354553,0.849171163756484,5.864739179695878,6.945666736142665,5.9548276644618525,6.440511933144021,5.270241496216588,5.734135004572205,6.1708813411236045,5.840697507846963,7.063738690039088,7.08254836938958,5.609814114036866,7.98543445240435,6.283090822351906,6.389808485854994,5.0980388632916025,7.619217684022878,,,,,,,,,,-0.997096554698888,0.0161550088139875,0.164818442524208,-1.19647550599663,0.0019532100741012,0.0520856019760331
S100A8,Calcium,,down,3,8.33322197105779,9.244379837363322,8.038476810415526,9.242127298237923,0.703434425292377,7.805074413256296,9.335482837462692,8.397317136779202,7.781847690492651,7.304258377912025,8.571168567568243,8.671428641645155,7.459557922414634,9.55954266410292,9.605331099143442,7.74372050751395,11.051460147327251,8.664012428959921,9.46553684527891,7.341440955723799,10.67564343271716,,,,-0.542643706923253,0.0217261488740047,0.887191478114761,-0.523509776457959,0.0120328860351127,0.847675928874464,-0.531235156183914,0.0159842647845081,0.164729981935287,,,
S100A9,Calcium,,down,1,10.84572427332338,11.338533278020842,10.41228976873889,11.64514539339376,0.779629620032722,10.598920207350467,11.608361212602649,10.827607190890824,11.206679382951902,9.890509919876054,10.539300570876948,10.1803351541171,10.25807836723347,11.77146365422672,11.786926572401498,10.387570057196804,12.642008294592706,11.12200331184028,11.419544756202276,10.253646672750827,12.473815528796973,,,,,,,,,,-0.518936934026779,0.016837291625166,0.169816112676674,,,
S100B,Calcium,,down,1,0.6264025919413068,1.301444551406726,1.3700445268501065,0.7455130395879116,-0.3537841838114682,1.282029527910968,0.9728752321750834,1.6176353973877058,0.0,0.3544087781919574,1.9064611676220895,2.382583329773471,0.8163429357535725,0.0,1.2216015423540714,0.5960703215538553,0.0,0.8691720616623014,1.1048402634756609,0.8838890586853935,2.165709222598074,,,,,,,,,,,,,-0.642204457867233,0.0228602715952766,0.163134332510894
SAT1,,hsa04216:Ferroptosis,up,1,3.3913048755323225,4.064799320143682,5.007356794281458,5.2514965925177375,1.0970095958652497,3.1497383185906034,3.9487153667437527,5.662467502490608,4.229802561109316,2.7756179533525565,3.345246833575333,5.637206256019452,4.019589057332774,3.987652025386528,4.5634588153136955,4.661105184992481,6.542775863357607,3.652211204799602,4.4017762649419465,4.068648233623292,6.21381888827125,0.654723290854268,0.0124119966813674,0.801116939111812,,,,,,,,,,,,
SELENOK,Selenium,,down,1,3.4243175143853906,4.36824577870921,4.189113900630262,4.044001611109512,0.0501092132012241,3.4624002997678582,4.407197453724646,4.1333771324307795,2.937541518793577,3.267881557529384,3.6906216356885135,4.716342352312827,3.5426433588803468,3.6317396813398,4.296366647131362,3.8380878841541497,4.7917702549512144,3.335248518904519,5.078797378292319,4.068648233623292,4.904051311812911,-0.741578356033713,0.01810059295322,0.925709417724143,,,,,,,,,,,,
SLC25A37,Iron,,down,1,9.030776553906117,9.311473098368094,9.174612126688968,9.191618456744427,0.019331197090036,8.831621236857313,9.08488101564817,8.710395757031854,8.819319561946381,9.27357694529132,9.569270763718883,9.64708486573404,9.625875407137997,8.951192421791028,9.27706736560142,9.143494300224916,9.09571125849911,9.066715611684804,9.314673248503905,9.197473583765058,9.225567599394235,-0.780252046337237,0.0152974138686235,0.892088041898855,,,,,,,,,,,,
SLC39A13,Zinc,,up,1,0.8094428127985945,1.4078984088215507,1.9259432124795528,2.139684985712518,0.7585901743459527,1.282029527910968,2.2782802488562335,3.042733269229182,2.79096599955042,0.8760824601886417,1.9064611676220895,1.891204456093566,0.0,0.5805842079483328,0.0,1.34186100376489,3.049907561866346,0.4990750551464352,1.4468522188078796,1.427974120830572,2.7178663814333084,,,,0.768541230595201,0.0408469404739613,0.887191478114761,,,,,,,,,
TBXA2R,,hsa04020:Calcium_signaling,up,1,0.5814596824498189,0.2345798520259505,0.486254638444929,1.7765567309001395,1.3424586732599066,0.0,0.0,0.0,1.985669903319494,0.8760824601886417,0.938319408103802,0.9283887299237804,1.714931113429805,0.5805842079483328,0.0,1.0166298238559357,1.7770288060001032,0.8691720616623014,0.0,0.0,1.6285971008511562,1.43791234099748,0.0437321637125635,0.925709417724143,,,,,,,,,,,,
TNFRSF11A,Calcium,,down,1,0.1947422456290815,0.5486191936322887,0.4882406275685173,0.199795933204139,-0.2107380890724901,0.778968982516326,0.9728752321750834,1.0245737803502888,0.7991837328165563,0.0,0.0,0.9283887299237804,0.0,0.0,1.2216015423540714,0.0,0.0,0.0,0.0,0.0,0.0,,,,,,,-1.74069478736965,0.0267032422475439,0.847675928874464,,,,,,
UQCR11,,hsa00190:Oxidative_phosphorylation,down,1,1.1920373422954111,2.1399314805556133,1.5385569906637626,1.229663259106888,-0.393845345398041,1.282029527910968,2.5394670210513364,2.361047706483753,1.3104754272824717,0.8760824601886417,2.699944212963963,2.108205729206406,1.334495693716501,0.9934275680204352,1.873462469399275,0.5960703215538553,0.0,1.6166098130615996,1.4468522188078796,1.0889042054110372,2.273681915428579,-0.738216315172643,0.0101726177460276,0.734895717092686,,,,,,,,,,,,
VEGFA,,hsa04020:Calcium_signaling,down,2,0.2483568920051088,1.019459915998482,1.057564380444819,0.5147643650002024,-0.2603626978159342,0.0,1.5486816174546332,1.0245737803502888,0.7991837328165563,0.0,0.0,0.9283887299237804,0.0,0.9934275680204352,1.873462469399275,1.188390806094169,0.0,0.0,0.6556955771400196,1.0889042054110372,1.2598737271842533,,,,-1.4481431881508,0.0293119467888938,0.887191478114761,-1.68698520899508,0.0072143403812582,0.847675928874464,,,,,,
