sample_id,LF1,LF2,LF3,LF4,LF5,LF6,LF7,LF8,LF9,LF10,LF11,LF12,LF13,LF14,LF15,LF16,astronaut_id,study,flight_status
C001_L-92,-0.10691951215267181,0.12764796614646912,-0.07141399383544922,0.003966119140386581,-0.044182512909173965,-0.02019638381898403,-0.020704902708530426,-0.18870678544044495,0.029505997896194458,-0.021577181294560432,-0.14623787999153137,0.12772060930728912,-0.19338971376419067,0.10796290636062622,-0.005469685420393944,0.10496433079242706,C001,I4,pre
C001_L-44,-0.18940295279026031,0.08855053782463074,-0.04831310734152794,0.06288721412420273,0.05631452426314354,0.03938104212284088,-0.018551569432020187,-0.20876561105251312,0.04658592492341995,-0.018578791990876198,0.02762758359313011,0.04983467608690262,-0.14784690737724304,0.09909086674451828,-0.13671721518039703,0.06436727941036224,C001,I4,pre
C001_L-3,-0.14519339799880981,0.2899792194366455,-0.023535415530204773,0.14476288855075836,0.11090826988220215,-0.04017051309347153,0.09915181994438171,-0.017974140122532845,0.09452685713768005,0.10031300038099289,0.1366526484489441,-0.0019288212060928345,-0.14896748960018158,0.06984078884124756,-0.11264747381210327,0.0665411576628685,C001,I4,pre
C001_R+1,-0.14727970957756042,0.08887415379285812,0.021584227681159973,0.043890561908483505,0.029146455228328705,0.06134462356567383,0.100367471575737,-0.1464858055114746,0.2251388281583786,-0.1024814322590828,-0.05116889625787735,0.1325463056564331,-0.2304263412952423,0.15051274001598358,-0.04287782311439514,0.048943281173706055,C001,I4,post
C002_L-92,-0.08833745867013931,-0.024312391877174377,-0.020321041345596313,0.4087660312652588,0.977109968662262,-0.8248983025550842,-0.5878413915634155,0.1316012442111969,0.9202578663825989,-0.863286554813385,-0.3986763060092926,-0.5689569115638733,1.5131584405899048,-0.7684704661369324,-0.5731996893882751,-0.6798481345176697,C002,I4,pre
C002_L-44,0.16954174637794495,-0.02307644486427307,-0.012170657515525818,0.17861025035381317,0.4836201071739197,-0.3199920654296875,-0.21461203694343567,0.15764284133911133,0.47389018535614014,-0.4688299000263214,-0.09191586822271347,-0.3306367099285126,0.5502498149871826,-0.33562391996383667,-0.18849825859069824,-0.10729014128446579,C002,I4,pre
C002_L-3,-0.05188850313425064,0.02415439486503601,-0.021212361752986908,-0.02167161926627159,-0.21630530059337616,0.35848891735076904,0.0629211962223053,-0.02456805482506752,-0.3324255049228668,0.3842422366142273,0.06310930848121643,0.23823285102844238,-0.4239668548107147,0.4548768699169159,0.31422126293182373,0.07001866400241852,C002,I4,pre
C002_R+1,0.11688051372766495,0.027650736272335052,-0.06758133322000504,0.23938040435314178,0.6784884333610535,-0.5114149451255798,-0.3304019570350647,0.09843989461660385,0.58598393201828,-0.6220324635505676,-0.20687317848205566,-0.37664300203323364,0.873447060585022,-0.5016990303993225,-0.32451963424682617,-0.3320671021938324,C002,I4,post
C003_L-92,-0.029017895460128784,0.16482104361057281,0.07213376462459564,0.10471241176128387,0.022435080260038376,-0.02225453406572342,-0.04461420327425003,0.0022152885794639587,0.1254558116197586,-0.04466591775417328,0.11535666882991791,0.035354625433683395,-0.06327054649591446,0.1598360240459442,0.031223949044942856,-0.15253406763076782,C003,I4,pre
C003_L-44,0.030527539551258087,0.17436394095420837,0.20555134117603302,-0.021493107080459595,0.007761869579553604,-0.05607059597969055,-0.10328516364097595,-0.010183043777942657,0.25630003213882446,0.016746792942285538,0.082596555352211,-0.010618805885314941,-0.036633290350437164,0.055622588843107224,-0.012044856324791908,-0.09882914274930954,C003,I4,pre
C003_L-3,-0.018290624022483826,0.09614352136850357,0.0390305370092392,0.06795203685760498,-0.02552798017859459,-0.02685370296239853,0.031919218599796295,-0.028274428099393845,0.1604466587305069,0.0016862377524375916,0.021413955837488174,0.02897205576300621,-0.08837766945362091,0.07011356949806213,0.05607367306947708,-0.04867467284202576,C003,I4,pre
C003_R+1,-0.16574804484844208,0.33966073393821716,0.07653018832206726,-0.00639227032661438,-0.2164037674665451,-0.08701010048389435,-0.004280425608158112,0.197304368019104,0.3496740758419037,0.035318974405527115,0.14393344521522522,-0.052191659808158875,-0.06641913950443268,0.24221757054328918,0.08703312277793884,-0.2304154932498932,C003,I4,post
C004_L-92,0.13953880965709686,0.34776392579078674,0.18835923075675964,0.12156747281551361,-0.1897677630186081,-0.024321608245372772,-0.5641630291938782,0.3190690875053406,-0.2805076241493225,0.48529407382011414,0.2643507421016693,0.052521709352731705,-0.07071477174758911,0.1802426129579544,0.24683482944965363,-0.49437087774276733,C004,I4,pre
C004_L-44,0.05050923675298691,-0.011767509393393993,0.055075474083423615,0.07655888795852661,0.06649040430784225,0.02959354594349861,-0.13248497247695923,0.11842146515846252,0.11464286595582962,0.09004461765289307,0.1161322295665741,0.011105424724519253,0.10439681261777878,0.06621401011943817,0.09097984433174133,-0.0028445273637771606,C004,I4,pre
C004_L-3,0.04863187298178673,0.050570402294397354,0.1978851854801178,0.05061361566185951,0.020163696259260178,0.09115909039974213,-0.2399427890777588,0.19106943905353546,-0.018773170188069344,0.2742733955383301,0.16358579695224762,0.06248963251709938,0.059593185782432556,0.039761465042829514,0.15815705060958862,-0.10912598669528961,C004,I4,pre
C004_R+1,-0.11242932826280594,-0.7165045738220215,-0.463434100151062,-0.2780532240867615,0.2836754620075226,-0.0991521030664444,1.1891840696334839,-0.6291248798370361,0.3189929723739624,-0.7822109460830688,-0.46243396401405334,-0.12575295567512512,-0.13298766314983368,-0.19874539971351624,-0.4022752642631531,0.6685810089111328,C004,I4,post
PS001_t0,-0.03878095746040344,0.46484237909317017,0.21657860279083252,-0.07007315009832382,-0.27224063873291016,-0.5751324892044067,-0.5620660781860352,0.07587098330259323,-0.09830068051815033,0.1517149806022644,0.5158590078353882,-0.2565222680568695,0.19591058790683746,-0.38002288341522217,-0.05728452280163765,-0.11841979622840881,PS001,AX1,pre
PS001_t2,0.1797010898590088,0.5537663698196411,0.3310823440551758,0.1241818442940712,-0.5696966648101807,-0.8440551161766052,-0.6734395027160645,0.0675930455327034,-0.26902782917022705,0.13465216755867004,0.7442299127578735,-0.42786580324172974,0.4025258421897888,-0.5974932312965393,-0.19361190497875214,-0.23779530823230743,PS001,AX1,post
PS001_t3,0.06371156871318817,0.7572728991508484,0.14089122414588928,0.08282575756311417,-0.7145391702651978,-0.7012161612510681,-0.8166862726211548,0.11329607665538788,-0.1765279769897461,0.35436517000198364,0.9241360425949097,-0.37431275844573975,0.5561798214912415,-0.7552624344825745,-0.04998018220067024,-0.3284960389137268,PS001,AX1,post
PS004_t0,0.100601926445961,-0.5245460867881775,-0.1616552472114563,-0.7976502776145935,0.7510680556297302,-0.04732661321759224,-0.26162487268447876,-0.953524649143219,-0.4668462872505188,0.34528499841690063,-0.8373897075653076,0.2612228989601135,0.11568441987037659,0.39722803235054016,0.38170507550239563,1.3077616691589355,PS004,AX1,pre
PS004_t2,-0.2821449041366577,0.03318527713418007,-0.0027779126539826393,0.0458008348941803,0.13878075778484344,-0.14645011723041534,-0.059623897075653076,-0.18777887523174286,-0.28479206562042236,-0.09805372357368469,-0.23705773055553436,0.08236081898212433,0.09893713891506195,-0.10526292771100998,0.12480343133211136,0.09971746057271957,PS004,AX1,post
PS004_t3,0.07751695811748505,-0.5079185962677002,-0.16403567790985107,-0.8123197555541992,0.8352778553962708,-0.05449141934514046,-0.24895089864730835,-1.0717945098876953,-0.551497757434845,0.3673023581504822,-0.9039024710655212,0.28495970368385315,0.16210800409317017,0.37839362025260925,0.41187605261802673,1.3647305965423584,PS004,AX1,post
